Id,Label
2,CarmenElectra 
3,VanessaLachey 
4,NicoleParker 
5,MattLanter 
6,BrittanyBlanton 
7,AyseHoward 
8,RomanJossart 
9,NadiaWhite 
10,JustinChatwin 
11,JamesMarsters 
12,Yun-FatChow 
13,EmmyRossum 
14,DanCrisafulli 
15,KayWhitney 
16,RichardGarcia 
17,PatCashman 
18,DylanDuffus 
19,Scorcher 
20,ShoneRomulus 
21,JadeAsha 
22,AnnaHutchison 
23,AndreaWhitburn 
24,JenniferKoenig 
25,MichaelDickson 
26,CharlizeTheron 
27,JavierBardem 
28,AdÃ¨leExarchopoulos 
29,JaredHarris 
30,SarahHyland 
31,StevenKrueger 
32,JustinChon 
33,ClaraMamet 
34,KateBeckinsale 
35,MelRaido 
36,DuncanJoiner 
37,LucasTill 
38,NatashaHenstridge 
39,LukasHassel 
40,LinShaye 
41,DominiqueSwain 
42,BillyMagnussen 
43,TerryChen 
44,TeresaNavarro 
45,VanessaRoss 
46,PaulSidhu 
47,BrandenColes 
48,ArielleHolmes 
49,KelceyWatson 
50,DakotaJohnson 
51,JamieDornan 
52,JenniferEhle 
53,EloiseMumford 
54,NoahRinger 
55,NicolaPeltz 
56,JacksonRathbone 
57,DevPatel 
58,AnadeArmas 
59,KeanuReeves 
60,ChristopherMcDonald 
61,MiraSorvino 
62,EmmaStone 
63,StephenMerchant 
64,RichardGere 
65,LievSchreiber 
66,MilesTeller 
67,KateMara 
68,MichaelB.Jordan 
69,JamieBell 
70,Lily-RoseDepp 
71,HarleyQuinnSmith 
72,JohnnyDepp 
73,AdamBrody 
74,SarahJessicaParker 
75,KimCattrall 
76,KristinDavis 
77,CynthiaNixon 
78,DieterLaser 
79,AshleyC.Williams 
80,AshlynnYennie 
81,AkihiroKitamura 
82,SigourneyWeaver 
83,MichelleRodriguez 
84,TonyShalhoub 
85,AnthonyLaPaglia 
86,JenniferLopez 
87,RyanGuzman 
88,KristinChenoweth 
89,JohnCorbett 
90,BrianWhite 
91,KarruecheTran 
92,AngeliquePereira 
93,JessicaVanessaDeLeon 
94,BenWinchell 
95,JoshBrener 
96,MariaBello 
97,AndyGarcia 
98,KatieCassidy 
99,ElizabethHenstridge 
100,AdamCampbell 
101,MilesFisher 
102,NaomiWatts 
103,CharlieHeaton 
104,JacobTremblay 
105,OliverPlatt 
106,JocelinDonahue 
107,JesseBradford 
108,JesseBorrego 
109,LoriPetty 
110,ReikoAylesworth 
111,StevenPasquale 
112,ShareekaEpps 
113,JohnOrtiz 
114,BenStiller 
115,OwenWilson 
116,PenÃ©lopeCruz 
117,WillFerrell 
118,AntonAdasinsky 
119,AleksandrArmer 
120,VilenBabichev 
121,RostislavBershauer 
122,AbigailBreslin 
123,WesBentley 
124,LoganHuffman 
125,AlexanderLudwig 
126,RuthWilson 
127,PaulaPrentiss 
128,LucyBoynton 
129,BobBalaban 
130,NoomiRapace 
131,MichaelChiklis 
132,KerryBishÃ© 
133,PeterStormare 
134,AdamSandler 
135,TerryCrews 
136,JorgeGarcia 
137,TaylorLautner 
138,MaddyCurley 
139,JohnDeLuca 
140,NikkiSooHoo 
141,DrewSeeley 
142,DianeLane 
143,AlecBaldwin 
144,ArnaudViard 
145,LindaGegusch 
146,LorenzaIzzo 
147,AaronBurns 
148,DaveBautista 
149,AlainMoussi 
150,GinaCarano 
151,Jean-ClaudeVanDamme 
152,AmberPerkins 
153,RachelQuinn 
154,DeanWaite 
155,JaelElizabethSteinmeyer 
156,KristenStewart 
157,RobertPattinson 
158,GilBirmingham 
159,XavierSamuel 
160,JadenSmith 
161,DavidDenman 
162,WillSmith 
163,SophieOkonedo 
164,TimPigott-Smith 
165,NaomiBattrick 
166,EllieKendrick 
167,JamesCosmo 
168,MarkWahlberg 
169,ZooeyDeschanel 
170,JohnLeguizamo 
171,AshlynSanchez 
172,TatianaPauhofovÃ¡ 
173,KarlMarkovics 
174,GedeonBurkhard 
175,SimonaStasovÃ¡ 
176,JasonBiggs 
177,JanetMontgomery 
178,AshleyTisdale 
179,BriaL.Murphy 
180,MeganFox 
181,AmandaSeyfried 
182,JohnnySimmons 
183,JasonSegel 
184,CameronDiaz 
185,RobCorddry 
186,EllieKemper 
187,MattVael 
188,SimonCotton 
189,KevinLeslie 
190,OliviaMoyles 
191,JamesAllenMcCune 
192,CallieHernandez 
193,CorbinReid 
194,BrandonScott 
195,MalcolmMcDowell 
196,RichardBrake 
197,JeffDanielPhillips 
198,SheriMoonZombie 
199,BillyBurke 
200,SarahClarke 
201,GrahamSkipper 
202,ChaseWilliamson 
203,BreaGrant 
204,BarbaraCrampton 
205,PatrickWilson 
206,JessicaBiel 
207,HaleyBennett 
208,VincentKartheiser 
209,ChloÃ«GraceMoretz 
210,MatthewZuk 
211,GabrielaLopez 
212,BaileyAnneBorders 
213,Srdjan'Zika'Todorovic 
214,SergejTrifunovic 
215,JelenaGavrilovic 
216,SlobodanBestic 
217,NicolasCage 
218,EvaMendes 
219,SamElliott 
220,MattLong 
221,BrendanFraser 
222,JetLi 
223,MichelleYeoh 
224,AbbieCornish 
225,DermotMulroney 
226,JustinLong 
227,DiegoKlattenhoff 
228,JasonMomoa 
229,RonPerlman 
230,RoseMcGowan 
231,StephenLang 
232,TomSizemore 
233,ThomasJane 
234,PaulBettany 
235,DennisQuaid 
236,CharlesS.Dutton 
237,LucasBlack 
238,LiamHemsworth 
239,JeffGoldblum 
240,BillPullman 
241,MaikaMonroe 
242,MelissaMcCarthy 
243,KristenWiig 
244,KateMcKinnon 
245,LeslieJones 
246,VanessaHudgens 
247,SelenaGomez 
248,AshleyBenson 
249,RachelKorine 
250,ChanningTatum 
251,MilaKunis 
252,EddieRedmayne 
253,SeanBean 
254,ConnorPaolo 
255,NickDamici 
256,LauraAbramsen 
257,A.C.Peterson 
258,EdgarRamÃ_rez 
259,LukeBracey 
260,RayWinstone 
261,TeresaPalmer 
262,MichaelFassbender 
263,EmilyBrowning 
264,RachaelBlake 
265,EwenLeslie 
266,BridgetteBarrett 
267,MichaelVartan 
268,ErinMoriarty 
269,NadineVelazquez 
270,RonnieGeneBlevins 
271,MarkChao 
272,NiNi 
273,SiennaGuillory 
274,QuvenzhanÃ©Wallis 
275,JamieFoxx 
276,RoseByrne 
277,KevinSpacey 
278,JenniferGarner 
279,RobbieAmell 
280,CherylHines 
281,RobertDeNiro 
282,LeslieMann 
283,DannyDeVito 
284,EdieFalco 
285,ChrisHemsworth 
286,ViolaDavis 
287,WeiTang 
288,LeehomWang 
289,KevinJames 
290,ChrisRock 
291,DavidSpade 
292,MichaelParks 
293,HaleyJoelOsment 
294,GenesisRodriguez 
295,ArielLevy 
296,KirbyBlissBlanton 
297,AlyciaDebnam-Carey 
298,WilliamMoseley 
299,BritMorgan 
300,MillaJovovich 
301,AryanaEngineer 
302,KristenBell 
303,PeterDinklage 
304,EllaAnderson 
305,PierceBrosnan 
306,JasonBarry 
307,KarenMoskow 
308,KaiRyssdal 
309,WardHorton 
310,AnnabelleWallis 
311,AlfreWoodard 
312,TonyAmendola 
313,IsabelLucas 
314,JoshHutcherson 
315,JoshPeck 
316,DanStevens 
317,MalinAkerman 
318,BrentonThwaites 
319,NikolajCoster-Waldau 
320,GerardButler 
321,ChadwickBoseman 
322,AnnaFaris 
323,ColinHanks 
324,KatDennings 
325,EmileHirsch 
326,ZoÃ«Kravitz 
327,ZoeyDeutch 
328,EmoryCohen 
329,BenBarnes 
330,JulianneMoore 
331,JeffBridges 
332,AliciaVikander 
333,PeterFacinelli 
334,VinceVaughn 
335,JonFavreau 
336,JasonBateman 
337,SofiaBlack-D'Elia 
338,AnaleighTipton 
339,TravisTope 
340,MichaelKelly 
341,KitHarington 
342,KieferSutherland 
343,AdewaleAkinnuoye-Agbaje 
344,WesleyElder 
345,ChristinaGrimmie 
346,OsricChau 
347,OlanRogers 
348,JohnTurturro 
349,EmmanuelleChriqui 
350,NickSwardson 
351,ElisabethShue 
352,JerryO'Connell 
353,RichardDreyfuss 
354,VingRhames 
355,KateHudson 
356,AnneHathaway 
357,CandiceBergen 
358,BryanGreenberg 
359,LaurenGerman 
360,HeatherMatarazzo 
361,BijouPhillips 
362,RogerBart 
363,IainGlen 
364,AliLarter 
365,ShawnRoberts 
366,HermioneCorfield 
367,AddisonTimlin 
368,JoelyRichardson 
369,JeremyIrvine 
370,JenniferAniston 
371,JuliaRoberts 
372,JasonSudeikis 
373,ErikaLinder 
374,NatalieKrill 
375,SebastianPigott 
376,MaykoNguyen 
377,MichelleMonaghan 
378,JasonStatham 
379,JessicaAlba 
380,TommyLeeJones 
381,AlexKarpovsky 
382,WyattRussell 
383,MeredithHagner 
384,MelanieLynskey 
385,JaredPadalecki 
386,AmandaRighetti 
387,DerekMears 
388,DaniellePanabaker 
389,HeatherSossaman 
390,MatthewBohrer 
391,CourtneyHalverson 
392,ShelleyHennig 
393,LucyFry 
394,DanilaKozlovsky 
395,GabrielByrne 
396,RyanReynolds 
397,BlakeLively 
398,PeterSarsgaard 
399,MarkStrong 
400,EmmaRoberts 
401,KiernanShipka 
402,LaurenHolly 
403,PaulGiamatti 
404,BryceDallasHoward 
405,JeffreyWright 
406,SamuelL.Jackson 
407,JuliannaMargulies 
408,NathanPhillips 
409,RachelBlanchard 
410,GarrettClayton 
411,ChristianSlater 
412,MollyRingwald 
413,JamesKelley 
414,DannyMcBride 
415,NataliePortman 
416,JamesFranco 
417,RasmusHardiker 
418,AdamPally 
419,T.J.Miller 
420,ThomasMiddleditch 
421,ShannonWoodward 
422,JackReynor 
423,StanleyTucci 
424,ShaileneWoodley 
425,TheoJames 
426,JeffDaniels 
427,JaneLevy 
428,ThomasLennon 
429,BarryPepper 
430,SethRogen 
431,ZacEfron 
432,RayRomano 
433,DenisLeary 
434,ChrisWedge 
435,AndyPowers 
436,LauraAllen 
437,ChristianDistefano 
438,JackHuston 
439,TobyKebbell 
440,RodrigoSantoro 
441,NazaninBoniadi 
442,NicholasHoult 
443,FelicityJones 
444,AnthonyHopkins 
445,BenKingsley 
446,LaurenBirkell 
447,PaulBorghese 
448,ChiraCassel 
449,AnthonyCirillo 
450,DominicMonaghan 
451,KseniaSolo 
452,JennetteMcCurdy 
453,Da'VoneMcDonald 
454,RizAhmed 
455,BilliePiper 
456,JamesFloyd 
457,CushJumbo 
458,JoeManganiello 
459,MattBomer 
460,AdamRodriguez 
461,PaulaPatton 
462,KathrynHahn 
463,LenaHeadey 
464,MatthewMorrison 
465,J.ToddSmith 
466,EthanHawke 
467,DavidThewlis 
468,EmmaWatson 
469,DaleDickey 
470,ChristianBale 
471,CateBlanchett 
472,BrianDennehy 
473,LilyCollins 
474,TaissaFarmiga 
475,SteveTom 
476,MaxBurkholder 
477,AdelaideKane 
478,TomHiddleston 
479,JeremyIrons 
480,SiennaMiller 
481,LukeEvans 
482,MatthewMcConaughey 
483,DonaldSutherland 
484,AlexisDziena 
485,TobiasMenzies 
486,LaraPulver 
487,AaronPoole 
488,KennethWelsh 
489,DanielFathers 
490,KathleenMunroe 
491,EveLindley 
492,RichardKind 
493,MarkConsuelos 
494,KatherineReis 
495,OliviaMunn 
496,MorganSaylor 
497,BrianMarc 
498,JustinBartha 
499,AdrianMartinez 
500,AnyaTaylor-Joy 
501,RoseLeslie 
502,MichaelYare 
503,JoshBrolin 
504,ElizabethOlsen 
505,SharltoCopley 
506,LukeWilson 
507,EddieIzzard 
508,J.K.Simmons 
509,LewisBlack 
510,AlexanderSkarsgÃ¥rd 
511,BrooklynDecker 
512,LiamNeeson 
513,Rihanna 
514,ZachGalifianakis 
515,IslaFisher 
516,JonHamm 
517,GalGadot 
518,RossKimball 
519,LoganLerman 
520,MatthewMacfadyen 
521,RayStevenson 
522,SeanPenn 
523,IdrisElba 
524,JasmineTrinca 
525,LilyJames 
526,SamRiley 
527,BellaHeathcote 
528,JohnCusack 
529,ThandieNewton 
530,ChiwetelEjiofor 
531,AmandaPeet 
532,JoeyLaurenAdams 
533,LeviMiller 
534,HughJackman 
535,GarrettHedlund 
536,RooneyMara 
537,SamWorthington 
538,RalphFiennes 
539,JasonFlemyng 
540,JoshStewart 
541,BillEngvall 
542,AlexEssoe 
543,JerryStiller 
544,RussellCrowe 
545,JenniferConnelly 
546,MarlonWayans 
547,ShiaLaBeouf 
548,JaiCourtney 
549,GaryOldman 
550,RosamundPike 
551,GabrielLuna 
552,CliftonCollinsJr. 
553,DavidAcord 
554,MarionCotillard 
555,BrendanGleeson 
556,OscarIsaac 
557,CharlotteLeBon 
558,DanielGimÃ©nezCacho 
559,TomHughes 
560,OonaChaplin 
561,BarryWard 
562,SaoirseRonan 
563,MaxIrons 
564,JakeAbel 
565,DianeKruger 
566,KevinMcKidd 
567,SteveCoogan 
568,BrandonT.Jackson 
569,AlexiPappas 
570,ChaseOfferle 
571,RachelDratch 
572,AndyBuckley 
573,AaronEckhart 
574,MorganFreeman 
575,AngelaBassett 
576,GabriellaWilde 
577,PortiaDoubleday 
578,WillArnett 
579,WilliamFichtner 
580,NoelFisher 
581,MichaelPeÃ±a 
582,TessaThompson 
583,JamieCampbellBower 
584,RobertSheehan 
585,JemimaWest 
586,AlexandraDaddario 
587,NathanFillion 
588,IceCube 
589,ReginaHall 
590,AnthonyAnderson 
591,Eve 
592,KenWatanabe 
593,RyokoSeta 
594,KennyWormald 
595,JulianneHough 
596,AndieMacDowell 
597,EllenPage 
598,EvanRachelWood 
599,MaxMinghella 
600,CallumKeithRennie 
601,DiegoBoneta 
602,TomCruise 
603,NicholasD'Agosto 
604,EmmaBell 
605,ArlenEscarpeta 
606,WentworthMiller 
607,KimCoates 
608,AdamDevine 
609,AnnaKendrick 
610,AubreyPlaza 
611,MerylStreep 
612,ChrisPine 
613,EmilyBlunt 
614,ArmieHammer 
615,TomCullen 
616,ClintDyer 
617,AomiMuyock 
618,KarlGlusman 
619,KlaraKristin 
620,JuanSaavedra 
621,TylerPerry 
622,LauraLinney 
623,DwayneJohnson 
624,JohnHurt 
625,IanMcShane 
626,JosephFiennes 
627,ZacheryTyBryan 
628,ShadMoss 
629,DamienMarzette 
630,VinDiesel 
631,ElijahWood 
632,Ã“lafurDarriÃ“lafsson 
633,DanielRadcliffe 
634,JamesMcAvoy 
635,JessicaBrownFindlay 
636,AndrewScott 
637,JacobLatimore 
638,SeychelleGabriel 
639,DulÃ©Hill 
640,StormReid 
641,SimonPegg 
642,SanjeevBhaskar 
643,RobRiggle 
644,FrankGrillo 
645,ElizabethMitchell 
646,MykeltiWilliamson 
647,JosephJulianSoria 
648,LoganPaul 
649,PeytonList 
650,LiaMarieJohnson 
651,CalumWorthy 
652,KevinHart 
653,AlisonBrie 
654,T.I. 
655,LaurenCohan 
656,RupertEvans 
657,JamesRussell 
658,JimNorton 
659,JoelEdgerton 
660,KateUpton 
661,HenryCavill 
662,MickeyRourke 
663,StephenDorff 
664,ForestWhitaker 
665,MaggieGrace 
666,FamkeJanssen 
667,LyndsyFonseca 
668,MichaelDoneger 
669,TommyDewey 
670,BruceCampbell 
671,JoshDuhamel 
672,TyreseGibson 
673,SalmaHayek 
674,AmyPoehler 
675,TinaFey 
676,MayaRudolph 
677,IkeBarinholtz 
678,JessicaLange 
679,JohnGoodman 
680,BrieLarson 
681,NiaVardalos 
682,MichaelConstantine 
683,LainieKazan 
684,MattDamon 
685,TianJing 
686,WillemDafoe 
687,AndyLau 
688,JimCarrey 
689,DiegoLuna 
690,CobieSmulders 
691,AldisHodge 
692,RobertKnepper 
693,CarlaGugino 
694,ColtonHaynes 
695,MarkHuberman 
696,SusanLoughnane 
697,SteveOram 
698,CatherineWalker 
699,JessicaChastain 
700,JenaMalone 
701,RomainDuris 
702,JalilLespert 
703,CamilleCottin 
704,RebelWilson 
705,KateBosworth 
706,AnnabethGish 
707,SylvesterStallone 
708,AntonioBanderas 
709,AlexPettyfer 
710,EdHelms 
711,ChristinaApplegate 
712,SkylerGisondo 
713,SteeleStebbins 
714,TimothyOlyphant 
715,DiannaAgron 
716,EwanMcGregor 
717,DakotaFanning 
718,PeterRiegert 
719,SamClaflin 
720,TomHanks 
721,SaritaChoudhury 
722,BenWhishaw 
723,AlexanderBlack 
724,LindaCardellini 
725,ThomasHadenChurch 
726,RenÃ©eZellweger 
727,GuguMbatha-Raw 
728,GabrielBasso 
729,ColinFirth 
730,ReeseWitherspoon 
731,AlessandroNivola 
732,JamesHamrick 
733,HaydenChristensen 
734,RachelBilson 
735,RosarioDawson 
736,ChrisPratt 
737,JennaDewanTatum 
738,SethMacFarlane 
739,ElizabethReaser 
740,LuluWilson 
741,AnnaliseBasso 
742,HenryThomas 
743,VernettaLopez 
744,ScottLawrence 
745,NicoleKidman 
746,DanielCraig 
747,DakotaBlueRichards 
748,BenWalker 
749,BrandonRouth 
750,JamesMarsden 
751,NicholasBraun 
752,MateoArias 
753,IsraelBroussard 
754,VinnieJones 
755,BradleyCooper 
756,LeslieBibb 
757,BrookeShields 
758,ChrisEvans 
759,AriGraynor 
760,BlytheDanner 
761,JahkingGuillory 
762,ChristopherJordanWallace 
763,ChristopherMeyer 
764,KofiSiriboe 
765,JaredLeto 
766,MargotRobbie 
767,ElleFanning 
768,ChristinaHendricks 
769,ZacharyGordon 
770,RobertCapron 
771,RachaelHarris 
772,SteveZahn 
773,IrrfanKhan 
774,BenFoster 
775,TylerJamesWilliams 
776,KyleGallner 
777,TeyonahParris 
778,MiaWasikowska 
779,HelenaBonhamCarter 
780,OliviaDeJonge 
781,EdOxenbould 
782,DeannaDunagan 
783,PeterMcRobbie 
784,TobeyMaguire 
785,KirstenDunst 
786,TopherGrace 
787,SullivanStapleton 
788,EvaGreen 
789,HansMatheson 
790,AnikaNoniRose 
791,JosephMawle 
792,RobinWright 
793,JamesFrecheville 
794,SachaBaronCohen 
795,FreddieCrowder 
796,AliceEnglert 
797,EmmaThompson 
798,AldenEhrenreich 
799,RobinWilliams 
800,DickVanDyke 
801,EricBana 
802,RebeccaHall 
803,JimBroadbent 
804,CiarÃ¡nHinds 
805,ScottSpeedman 
806,LivTyler 
807,GemmaWard 
808,AlexFisher 
809,JackieChan 
810,TarajiP.Henson 
811,WenwenHan 
812,MichellePfeiffer 
813,EmilyRatajkowski 
814,JonnyWeston 
815,HarrisonFord 
816,KarenAllen 
817,LarrytheCableGuy 
818,MichaelCaine 
819,EmilyMortimer 
820,AshtonKutcher 
821,KevinKline 
822,CaryElwes 
823,CrispinGlover 
824,AngelinaJolie 
825,KevinCostner 
826,KeiraKnightley 
827,KennethBranagh 
828,MeganCharpentier 
829,IsabelleNÃ©lisse 
830,SteveCarell 
831,DylanMinnette 
832,PaulRudd 
833,MaudeApatow 
834,IrisApatow 
835,JoelKinnaman 
836,MichaelKeaton 
837,NatWolff 
838,VincentD'Onofrio 
839,SamanthaRobinson 
840,JeffreyVincentParise 
841,LauraWaddell 
842,GianKeys 
843,ImogenPoots 
844,HaileeSteinfeld 
845,ConnieNielsen 
846,AmberHeard 
847,NeveCampbell 
848,CourteneyCox 
849,DavidArquette 
850,LucyHale 
851,DeanNorris 
852,RobertHoffman 
853,BrianaEvigan 
854,CassieVentura 
855,AdamG.Sevani 
856,TangieAmbrose 
857,CedrictheEntertainer 
858,JonahHill 
859,AlistairAbell 
860,GabrielChavarria 
861,DemiÃ¡nBichir 
862,TheoRossi 
863,TonyRevolori 
864,LarsEidinger 
865,SigridBouaziz 
866,AndersDanielsenLie 
867,RoryJ.Saper 
868,ChristianStevens 
869,ChristophWaltz 
870,JohnGallagherJr. 
871,TonyGoldwyn 
872,AdriaArjona 
873,JohnC.McGinley 
874,JoeAlwyn 
875,ArturoCastro 
876,MasonLee 
877,AmySchumer 
878,BillHader 
879,ColinQuinn 
880,CallanMcAuliffe 
881,LorraineNicholson 
882,DanielEricGold 
883,DanielleNicolet 
884,AmyRyan 
885,AnselElgort 
886,KateWinslet 
887,GeorgeClooney 
888,Keegan-MichaelKey 
889,JordanPeele 
890,TiffanyHaddish 
891,MethodMan 
892,MichelleWilliams 
893,RachelWeisz 
894,JackBlack 
895,OdeyaRush 
896,RyanLee 
897,CaseyAffleck 
898,AnthonyMackie 
899,AaronPaul 
900,JoshGad 
901,ScarlettJohansson 
902,JeremyMcWilliams 
903,LynseyTaylorMackay 
904,DougieMcConnell 
905,DylanO'Brien 
906,KayaScodelario 
907,ThomasBrodie-Sangster 
908,GiancarloEsposito 
909,JamesBadgeDale 
910,BruceGreenwood 
911,MaxMartini 
912,MiaGoth 
913,MartinMcCann 
914,AndrewSimpson 
915,DominicCooper 
916,SarahGadon 
917,ArtParkinson 
918,RosieHuntington-Whiteley 
919,RyanGosling 
920,FrankLangella 
921,LilyRabe 
922,RichardMadden 
923,KellyReilly 
924,SamRockwell 
925,TimRoth 
926,JamesRansone 
927,ColinFarrell 
928,BokeemWoodbine 
929,BryanCranston 
930,JessicaBarth 
931,AasifMandvi 
932,TomHardy 
933,TilSchweiger 
934,CaraDelevingne 
935,AustinAbrams 
936,JusticeSmith 
937,JohnD'Leo 
938,WoodyAllen 
939,JesseEisenberg 
940,KarlUrban 
941,EricStonestreet 
942,CharlieDay 
943,SophieNÃ©lisse 
944,JoshWiggins 
945,JoeCobden 
946,BillPaxton 
947,AidenLongworth 
948,CillianMurphy 
949,TyeSheridan 
950,LoganMiller 
951,JoeyMorgan 
952,SarahDumont 
953,BelPowley 
954,StephenMoyer 
955,SarahButler 
956,JeffBranson 
957,AndrewHoward 
958,DanielFranzese 
959,RobertPatrick 
960,DanFogler 
961,EssieDavis 
962,AndreaRiseborough 
963,JulianBarratt 
964,AustinStowell 
965,TimBlakeNelson 
966,BenAffleck 
967,ChrisMessina 
968,StellanSkarsgÃ¥rd 
969,Ã“scarJaenada 
970,AngeloJosueLozanoCorzo 
971,BrettCullen 
972,MarkRylance 
973,RubyBarnhill 
974,PenelopeWilton 
975,JemaineClement 
976,AdrienBrody 
977,LaurenceFishburne 
978,AliceBraga 
979,GabrielBateman 
980,JayBaruchel 
981,AliceEve 
982,MikeVogel 
983,RileyKeough 
984,JessieOkGray 
985,CaryJojiFukunaga 
986,MaggieGyllenhaal 
987,JasonClarke 
988,SandraBullock 
989,PierreCoffin 
990,MarilynManson 
991,MarkBooneJunior 
992,SamQuartin 
993,NikoNicotera 
994,DanielOlbrychski 
995,JasonSchwartzman 
996,RipTorn 
997,JudyDavis 
998,AaronTaylor-Johnson 
999,Min-sikChoi 
1000,AmrWaked 
1001,AmandaBynes 
1002,LauraRamsey 
1003,MelGibson 
1004,MorganLily 
1005,TrentonRogers 
1006,MichaelEaly 
1007,IndiaEisley 
1008,StephenRea 
1009,JeffreyDeanMorgan 
1010,DavidTroughton 
1011,JackHolden 
1012,JoeBlakemore 
1013,LisaKudrow 
1014,JaeHead 
1015,DevonBostick 
1016,JohnC.Reilly 
1017,TildaSwinton 
1018,MatthiasSchoenaerts 
1019,TedLevine 
1020,KathleenQuinlan 
1021,DanByrd 
1022,EmiliedeRavin 
1023,VincentCassel 
1024,TobyJones 
1025,DominicWest 
1026,OlgaKurylenko 
1027,AndreasWisniewski 
1028,MatthewPerry 
1029,KateeSackhoff 
1030,JordiMollÃ  
1031,JoanAllen 
1032,JustinTimberlake 
1033,ChristopherMintz-Plasse 
1034,RebeccaFerguson 
1035,JustinTheroux 
1036,MarkRuffalo 
1037,WoodyHarrelson 
1038,DaveFranco 
1039,BrittRobertson 
1040,HughLaurie 
1041,RaffeyCassidy 
1042,DaneDeHaan 
1043,JasonIsaacs 
1044,IvoNandi 
1045,ArnoldSchwarzenegger 
1046,EmiliaClarke 
1047,DamaineRadcliff 
1048,De'ShawnWashington 
1049,DrewBarrymore 
1050,WendiMcLendon-Covey 
1051,KevinNealon 
1052,BrittanySnow 
1053,JosephGordon-Levitt 
1054,TaylorSwift 
1055,KellyMcGillis 
1056,GregoryJones 
1057,ToniCollette 
1058,TracyLetts 
1059,SamTrammell 
1060,TaylorKitsch 
1061,BenicioDelToro 
1062,ScottMescudi 
1063,DolphLundgren 
1064,ShilohFernandez 
1065,JessicaLucas 
1066,LouTaylorPucci 
1067,JackO'Connell 
1068,MaeWhitman 
1069,BellaThorne 
1070,AllisonJanney 
1071,ChloÃ«Sevigny 
1072,EmmaGreenwell 
1073,JudeLaw 
1074,MichaelPitt 
1075,BradyCorbet 
1076,BillyBobThornton 
1077,MauricioLopez 
1078,RichardJenkins 
1079,BrittanyMurphy 
1080,KarenGillan 
1081,RoryCochrane 
1082,NatalieMartinez 
1083,MatthewGoode 
1084,CallumTurner 
1085,GraceVanPatten 
1086,MichalVondel 
1087,MikeBirbiglia 
1088,DavidHarbour 
1089,BoydHolbrook 
1090,JunoTemple 
1091,JoeAnderson 
1092,TaylorSchilling 
1093,RileyThomasStewart 
1094,KatherineHeigl 
1095,BreeTurner 
1096,EricWinter 
1097,JordanCarlos 
1098,MargaritaLevieva 
1099,ElizabethBanks 
1100,MichaelRooker 
1101,DonThompson 
1102,TomWilkinson 
1103,JakeJohnson 
1104,DamonWayansJr. 
1105,NinaDobrev 
1106,LouisC.K. 
1107,LakeBell 
1108,EmilyMeade 
1109,MilesHeizer 
1110,CharlieHunnam 
1111,BenjaminWalker 
1112,PaulWalker 
1113,JordanaBrewster 
1114,JenniferLawrence 
1115,KateSiegel 
1116,MichaelTrucco 
1117,SamanthaSloyan 
1118,LynnCollins 
1119,SamanthaMorton 
1120,RadhaMitchell 
1121,LaurieHolden 
1122,DeborahKaraUnger 
1123,TimothySpall 
1124,MartinFreeman 
1125,AlfredMolina 
1126,JodieFoster 
1127,DaxShepard 
1128,SeanFaris 
1129,DjimonHounsou 
1130,CamGigandet 
1131,TonyDanza 
1132,CharlotteGainsbourg 
1133,StormAchecheSahlstrÃ¸m 
1134,RandallPark 
1135,LizzyCaplan 
1136,DanielBrÃ_hl 
1137,RiccardoScamarcio 
1138,MichaelMcDonald 
1139,SheaAdams 
1140,EddieBaroo 
1141,AdrianGrenier 
1142,KevinConnolly 
1143,JerryFerrara 
1144,KevinDillon 
1145,PatriciaClarkson 
1146,JennaElfman 
1147,AudreyTautou 
1148,JeanReno 
1149,IanMcKellen 
1150,UsherRaymond 
1151,RubÃ©nBlades 
1152,LarenzTate 
1153,MeaganGood 
1154,Rotimi 
1155,RickGonzalez 
1156,MathieuAmalric 
1157,JudiDench 
1158,CraigRobinson 
1159,GerryBednob 
1160,MandyGonzalez 
1161,JakeGyllenhaal 
1162,GemmaArterton 
1163,AntonYelchin 
1164,MoonBloodgood 
1165,JoshLucas 
1166,AlexisClagett 
1167,GwynethPaltrow 
1168,RandyCouture 
1169,GaryCole 
1170,RhonaMitra 
1171,MichaelSheen 
1172,BillNighy 
1173,StevenMackintosh 
1174,CoreyStoll 
1175,EmmaBooth 
1176,AshleighCummings 
1177,StephenCurry 
1178,SusiePorter 
1179,GeoffreyRush 
1180,AmyAdams 
1181,AsaButterfield 
1182,GemmaJones 
1183,SallyPhillips 
1184,GlennClose 
1185,DominiqueTipper 
1186,PaddyConsidine 
1187,AndrewGarfield 
1188,DannyHuston 
1189,JoaquinPhoenix 
1190,KatherineWaterston 
1191,OliviaWilde 
1192,TerenceStamp 
1193,MaxvonSydow 
1194,WillYunLee 
1195,TaoOkamoto 
1196,RilaFukushima 
1197,LianaLiberato 
1198,LoganMarshall-Green 
1199,EmayatzyCorinealdi 
1200,MichielHuisman 
1201,TammyBlanchard 
1202,MarySteenburgen 
1203,CraigT.Nelson 
1204,DerekJeter 
1205,JackMadigan 
1206,FrankMadigan 
1207,JohnTravolta 
1208,QueenLatifah 
1209,NikkiBlonsky 
1210,DavidLyons 
1211,JeremyRenner 
1212,EdwardNorton 
1213,ScottGlenn 
1214,MichaelShannon 
1215,AdamDriver 
1216,GiovanniRibisi 
1217,SusanSarandon 
1218,PatrickStewart 
1219,HalleBerry 
1220,JudyGreer 
1221,AlysonHannigan 
1222,SeannWilliamScott 
1223,ChrisKlein 
1224,AndySamberg 
1225,JormaTaccone 
1226,AkivaSchaffer 
1227,SarahSilverman 
1228,NicholasHope 
1229,SamNeill 
1230,50Cent 
1231,SheilaKelley 
1232,JoelDavidMoore 
1233,MunroChambers 
1234,LaurenceLeboeuf 
1235,MichaelIronside 
1236,EdwinWright 
1237,JimParsons 
1238,SteveMartin 
1239,SallyField 
1240,MaxGreenfield 
1241,TyneDaly 
1242,JamalWoolard 
1243,DerekLuke 
1244,MomoDione 
1245,WilliamAtherton 
1246,BlytheAuffarth 
1247,BlancheBaker 
1248,KevinChamberlin 
1249,JimSturgess 
1250,LambertWilson 
1251,PierreNiney 
1252,LaurentLucas 
1253,ThomasMann 
1254,OliverCooper 
1255,JonathanDanielBrown 
1256,DaxFlame 
1257,FionaGordon 
1258,DominiqueAbel 
1259,EmmanuelleRiva 
1260,PierreRichard 
1261,BrianCox 
1262,OpheliaLovibond 
1263,MichaelMcElhatton 
1264,LÃ©aSeydoux 
1265,RalphIneson 
1266,KateDickie 
1267,JulianRichings 
1268,GretaGerwig 
1269,BillyCrudup 
1270,CarlyRaeJepsen 
1271,MaddieZiegler 
1272,NoahWiseman 
1273,DanielHenshall 
1274,HayleyMcElhinney 
1275,RobertRedford 
1276,OakesFegley 
1277,OonaLaurence 
1278,WillPoulter 
1279,WilliamHurt 
1280,VickyKrieps 
1281,AntjeTraue 
1282,GillianJacobs 
1283,ChrisGethard 
1284,ElisabethMoss 
1285,JulietRylance 
1286,FredDaltonThompson 
1287,KateySagal 
1288,BruceBoxleitner 
1289,TySimpkins 
1290,AidanTurner 
1291,MaryMcCormack 
1292,PaulBirchard 
1293,DavidOyelowo 
1294,TomFelton 
1295,JackDavenport 
1296,ChristopherPlummer 
1297,LilyCole 
1298,HeathLedger 
1299,DenzelWashington 
1300,EthanSuplee 
1301,AaronYoo 
1302,ZoeSaldana 
1303,BradPitt 
1304,HunterMcCracken 
1305,ZoeKazan 
1306,MeganPark 
1307,ChatchawaiKamonsakpitak 
1308,MireilleEnos 
1309,JamieBlackley 
1310,JoshuaLeonard 
1311,RainnWilson 
1312,KevinBacon 
1313,LukeKleintank 
1314,LaurenGraham 
1315,HugoWeaving 
1316,HayleyAtwell 
1317,KeirGilchrist 
1318,OliviaLuccardi 
1319,LiliSepe 
1320,KatieCrown 
1321,KelseyGrammer 
1322,JonVoight 
1323,HughGrant 
1324,SimonHelberg 
1325,BenedictCumberbatch 
1326,GretchenMol 
1327,MÃ©lanieLaurent 
1328,IsabellaRossellini 
1329,AlbertFinney 
1330,SteveWiebe 
1331,MahershalaAli 
1332,KeriRussell 
1333,VictoriaJustice 
1334,JanuaryJones 
1335,AidanQuinn 
1336,EmmaFitzpatrick 
1337,JohnCullum 
1338,KristinScottThomas 
1339,EricGodon 
1340,TijuanaRicks 
1341,SueDahlman 
1342,EzraMiller 
1343,OliviaThirlby 
1344,PhilipSeymourHoffman 
1345,JohnMalkovich 
1346,HirokiHasegawa 
1347,YutakaTakenouchi 
1348,SatomiIshihara 
1349,RenÃ”sugi 
1350,GeorgeLopez 
1351,KarenDisher 
1352,MichaelMantell 
1353,MelissaGeorge 
1354,JoshuaMcIvor 
1355,JackTaylor 
1356,MichaelDorman 
1357,HaydenPanettiere 
1358,CatalinaSandinoMoreno 
1359,EllenBurstyn 
1360,DavidMorse 
1361,Carrie-AnneMoss 
1362,SarahRoemer 
1363,TravisFimmel 
1364,TaronEgerton 
1365,PaulAnderson 
1366,RinkoKikuchi 
1367,RobertDowneyJr. 
1368,JeffKahn 
1369,SashaLane 
1370,McCaulLombardi 
1371,LesleyManville 
1372,StacyMartin 
1373,BlakeJenner 
1374,TylerHoechlin 
1375,KristenConnolly 
1376,FranKranz 
1377,EdHarris 
1378,AliaShawkat 
1379,RhysIfans 
1380,DaniellaKertesz 
1381,DonCheadle 
1382,ChrisCooper 
1383,JudahLewis 
1384,CliveOwen 
1385,CatherineKeener 
1386,JimCaviezel 
1387,ValKilmer 
1388,WernerHerzog 
1389,SelmaBlair 
1390,DougJones 
1391,JohnAlexander 
1392,Kang-hoSong 
1393,Hee-BongByun 
1394,Hae-ilPark 
1395,DoonaBae 
1396,ChristianStolte 
1397,JoelMcHale 
1398,NickFrost 
1399,MiaStallard 
1400,VeraFarmiga 
1401,IsabelleFuhrman 
1402,CCHPounder 
1403,MichaelC.Hall 
1404,MariaDizzia 
1405,TomMison 
1406,RobertCarlyle 
1407,HaroldPerrineau 
1408,DannySapani 
1409,LauraDern 
1410,KarolinaGruszka 
1411,NathalieBaye 
1412,KylieRogers 
1413,MartinHenderson 
1414,BrightonSharbino 
1415,TomHolland 
1416,JohnFrancisDaley 
1417,AustinPendleton 
1418,ColleenCamp 
1419,NeilFlynn 
1420,ZacharyQuinto 
1421,VincentEbrahim 
1422,OrlandoBloom 
1423,SteveLantz 
1424,GreggWeiner 
1425,GuyPearce 
1426,CaricevanHouten 
1427,BonnieHunt 
1428,PaulNewman 
1429,JessicaBarden 
1430,OliviaColman 
1431,LiorAshkenazi 
1432,NickOfferman 
1433,KurtRussell 
1434,ZoÃ«Bell 
1435,VanessaFerlito 
1436,PaulDano 
1437,MaryElizabethWinstead 
1438,AntoniaRibero 
1439,AngPhulaSherpa 
1440,ThomasM.Wright 
1441,KellyAdams 
1442,LuingAndrews 
1443,KatyBarker 
1444,EddieMarsan 
1445,ScottEastwood 
1446,AlanAlda 
1447,RachelWood 
1448,AJMichalka 
1449,KyleChandler 
1450,JoelCourtney 
1451,MatthewFox 
1452,PennBadgley 
1453,HilarySwank 
1454,HarryConnickJr. 
1455,RuthNegga 
1456,WillDalton 
1457,DeanMumford 
1458,MichaelNyqvist 
1459,RichendaCarey 
1460,AllisonTolman 
1461,PatrickDempsey 
1462,ReneRusso 
1463,AndersHolm 
1464,JamesGandolfini 
1465,IsabelleHuppert 
1466,AndrÃ©Marcon 
1467,RomanKolinka 
1468,EdithScob 
1469,BruceWillis 
1470,HelenMirren 
1471,Mary-LouiseParker 
1472,LisaThoreson 
1473,FlorenceKastriner 
1474,GabyHoffmann 
1475,LeonardoDiCaprio 
1476,GolshiftehFarahani 
1477,JenniferJasonLeigh 
1478,KeithDavid 
1479,OprahWinfrey 
1480,BrunoCampos 
1481,ChristopherEvanWelch 
1482,EvangelineLilly 
1483,DakotaGoyo 
1484,JulieBenz 
1485,MatthewMarsden 
1486,GrahamMcTavish 
1487,FreddyRodrÃ_guez 
1488,MarleyShelton 
1489,AlbertBrooks 
1490,JessePlemons 
1491,MorjanaAlaoui 
1492,MylÃ¨neJampanoÃ¯ 
1493,CatherineBÃ©gin 
1494,RobertToupin 
1495,JohnCarrollLynch 
1496,AlfieAllen 
1497,DanielZovatto 
1498,DouglasM.Griffin 
1499,JamesDuMont 
1500,FlorenceClery 
1501,AnnaCamp 
1502,MartonCsokas 
1503,KathyBaker 
1504,LaurentLafitte 
1505,AnneConsigny 
1506,CharlesBerling 
1507,CareyMulligan 
1508,LucyWalters 
1509,CharlieTahan 
1510,SalliRichardson-Whitfield 
1511,SarahPaulson 
1512,DannyGlover 
1513,BrianCaspe 
1514,KarelHermÃ¡nekJr. 
1515,DuncanDuff 
1516,KeithCarradine 
1517,OliviaWilliams 
1518,JonBernthal 
1519,Miyavi 
1520,DomhnallGleeson 
1521,KellyMacdonald 
1522,BillyConnolly 
1523,JulieWalters 
1524,KodiSmit-McPhee 
1525,CaraBuono 
1526,DustinHoffman 
1527,JohnHawkes 
1528,GarretDillahunt 
1529,IsaiahStone 
1530,MarciaGayHarden 
1531,AndreBraugher 
1532,ChristianCooke 
1533,JaimeWinstone 
1534,Byung-hunLee 
1535,YooGong 
1536,Ji-minHan 
1537,MaggieQ 
1538,DavidStrathairn 
1539,MalcolmSinclair 
1540,RaghuvirJoshi 
1541,ChristopherWalken 
1542,AntonioTarver 
1543,MiloVentimiglia 
1544,BurtYoung 
1545,CaitlynRund 
1546,MoisÃ©sAcevedo 
1547,AnnaSophiaRobb 
1548,EmilyBaldoni 
1549,MaurySterling 
1550,NicholasBrendon 
1551,ElizabethGracen 
1552,JaneFonda 
1553,NickRobinson 
1554,MoisesArias 
1555,HaleyLuRichardson 
1556,JessicaSula 
1557,MichaelStuhlbarg 
1558,TadanobuAsano 
1559,ElizabethDebicki 
1560,StephenHenderson 
1561,JovanAdepo 
1562,CraigVanHook 
1563,KatieHolmes 
1564,JohnKrasinski 
1565,PabloSchreiber 
1566,MichaelDouglas 
1567,MelissaLeo 
1568,ChristosStergioglou 
1569,MicheleValley 
1570,AngelikiPapoulia 
1571,HristosPassalis 
1572,Common 
1573,ColeKonis 
1574,FlorencePugh 
1575,ChristopherFairbank 
1576,CosmoJarvis 
1577,NaomiAckie 
1578,BillyCrystal 
1579,SteveBuscemi 
1580,ChristopherFitzgerald 
1581,JonathanRoumie 
1582,HarveyKeitel 
1583,KatiOutinen 
1584,JonDaly 
1585,ShameikMoore 
1586,KierseyClemons 
1587,KimberlyElise 
1588,StevenYeun 
1589,AstridBergÃ¨s-Frisbey 
1590,BritMarling 
1591,ViggoMortensen 
1592,RobertDuvall 
1593,AlanRickman 
1594,BarkhadAbdi 
1595,SeanPatrickThomas 
1596,DemiMoore 
1597,DaneCook 
1598,JeremyDavies 
1599,ZachGrenier 
1600,SallyHawkins 
1601,GaboureySidibe 
1602,Mo'Nique 
1603,MariahCarey 
1604,JasonO'Mara 
1605,AmaraMiller 
1606,NickKrause 
1607,GuillaumeBaillargeon 
1608,Ã‰milieLeclerc 
1609,JanetMcTeer 
1610,CharlesDance 
1611,AngourieRice 
1612,EllenDeGeneres 
1613,EdO'Neill 
1614,KaitlinOlson 
1615,ScottAdkins 
1616,TeodoraDuhovnikova 
1617,AlonAboutboul 
1618,JulianVergov 
1619,KyraSedgwick 
1620,MadisonWolfe 
1621,FrancesO'Connor 
1622,AnnetteBening 
1623,RichardArmitage 
1624,LukeTreadaway 
1625,BobtheCat 
1626,RutaGedmintas 
1627,JoanneFroggatt 
1628,DanielDay-Lewis 
1629,RachelMcAdams 
1630,JohnDoman 
1631,FaithWladyka 
1632,TomCostello 
1633,JoHartley 
1634,ColmMeaney 
1635,AnnaFriel 
1636,FionnO'Shea 
1637,NicholasGalitzine 
1638,MoeDunford 
1639,BenjaminBratt 
1640,MirandaCosgrove 
1641,SuElliot 
1642,AdamLevine 
1643,MadinaNalwanga 
1644,LupitaNyong'o 
1645,MartinKabanza 
1646,DanaFuchs 
1647,AlisonSudol 
1648,ShariffEarp 
1649,DuanSanderson 
1650,AlexR.Hibbert 
1651,ValerieMahaffey 
1652,BeverlyD'Angelo 
1653,LewisMacDougall 
1654,NeelSethi 
1655,BillMurray 
1656,MichaelCera 
1657,KieranCulkin 
1658,AlisonPill 
1659,IdinaMenzel 
1660,JonathanGroff 
1661,GaranceMarillier 
1662,EllaRumpf 
1663,RabahNaitOufella 
1664,Nellie 
1665,RizwanManji 
1666,RonLivingston 
1667,LiliTaylor 
1668,Soo-anKim 
1669,Yu-miJung 
1670,Dong-seokMa 
1671,RupertGrint 
1672,SarahSnook 
1673,NoahTaylor 
1674,MadeleineWest 
1675,MichaelGambon 
1676,SamShepard 
1677,PaulaBeer 
1678,ErnstStÃ¶tzner 
1679,MarieGruber 
1680,JasperNewell 
1681,ChristopherLee 
1682,FreddieHighmore 
1683,JonathanRhysMeyers 
1684,TerrenceHoward 
1685,AdrianTitieni 
1686,Maria-VictoriaDragus 
1687,LiaBugnar 
1688,MalinaManovici 
1689,T.R.Knight 
1690,NicoleBeharie 
1691,ImeldaStaunton 
1692,AnnieRoseBuckley 
1693,GaelGarcÃ_aBernal 
1694,MohamedAkhzam 
1695,JunKunimura 
1696,Jung-minHwang 
1697,Do-wonKwak 
1698,Woo-heeChun 
1699,FrancescAlbiol 
1700,CarmenEjogo 
1701,LorraineToussaint 
1702,BenedictWong 
1703,JackieEarleHaley 
1704,AndySerkis 
1705,FreidaPinto 
1706,KarinKonoval 
1707,PhyliciaRashad 
1708,TaikaWaititi 
1709,CoriGonzalez-Macuer 
1710,JonnyBrugh 
1711,OakleePendergast 
1712,SandraHÃ_ller 
1713,PeterSimonischek 
1714,MichaelWittenborn 
1715,ThomasLoibl 
1716,BrianGeraghty 
1717,StuartGraham 
1718,LaineMegaw 
1719,BrianMilligan 
1720,LiamMcMahon 
1721,EmmanuelGarijo 
1722,TomHudson 
1723,BaptisteGoy 
1724,AxelDevillers 
1725,RufusSewell 
1726,AmberTamblyn 
1727,SeanBott 
1728,DannyTrejo 
1729,ElenaAnaya 
1730,JanCornet 
1731,MarisaParedes 
1732,Auli'iCravalho 
1733,RachelHouse 
1734,TemueraMorrison 
1735,SonoyaMizuno 
1736,DavidWenham 
1737,GarrettM.Brown 
1738,AnthonyEdwards 
1739,LoÃ¯svanWijk 
1740,QuintonAaron 
1741,TimMcGraw 
1742,CharlieCox 
1743,ClaireDanes 
1744,KathyBates 
1745,KurtFuller 
1746,TomPrior 
1747,SophiePerry 
1748,RussellBrand 
1749,JulieAndrews 
1750,TeriHatcher 
1751,JohnHodgman 
1752,JenniferSaunders 
1753,AlanArkin 
1754,GiuseppeBattiston 
1755,AnnaFoglietta 
1756,MarcoGiallini 
1757,EdoardoLeo 
1758,GeoffreyArend 
1759,ArminMueller-Stahl 
1760,JosefAltin 
1761,EddieMurphy 
1762,NataschaMcElhone 
1763,RolfLassgÃ¥rd 
1764,BaharPars 
1765,FilipBerg 
1766,IdaEngvoll 
1767,AmericaFerrera 
1768,OctaviaSpencer 
1769,JanelleMonÃ¡e 
1770,WaltonGoggins 
1771,GerardoTaracena 
1772,RaoulMaxTrujillo 
1773,DaliaHernÃ¡ndez 
1774,RudyYoungblood 
1775,NaomieHarris 
1776,SalimKechiouche 
1777,AurÃ©lienRecoing 
1778,JackiWeaver 
1779,LydiaWilson 
1780,MandyMoore 
1781,ZacharyLevi 
1782,DonnaMurphy 
1783,LelandOrser 
1784,BrendaBlethyn 
1785,JuliaOrmond 
1786,RyanPotter 
1787,ScottAdsit 
1788,JamieChung 
1789,JaredGilman 
1790,KaraHayward 
1791,OrtoIgnatiussen 
1792,RupertFriend 
1793,ZacMattoonO'Brien 
1794,JackMcBrayer 
1795,JaneLynch 
1796,GregKinnear 
1797,EwaFrÃ¶ling 
1798,LenaEndre 
1799,AliaBhatt 
1800,ShahRukhKhan 
1801,KunalKapoor 
1802,PriyankaMoodley 
1803,BarkhadAbdirahman 
1804,GaspardSchlatter 
1805,SixtineMurat 
1806,PaulinJaccoud 
1807,MichelVuillermoz 
1808,KariMatchett 
1809,ZacharyBennett 
1810,SylviaHoeks 
1811,ColmFeore 
1812,GattlinGriffith 
1813,RJCyler 
1814,OliviaCooke 
1815,JoshHartnett 
1816,LucyLiu 
1817,AlanTudyk 
1818,DonnieYen 
1819,LucasHedges 
1820,SebastianStan 
1821,GeorgeMacKay 
1822,SamanthaIsler 
1823,MarioCasas 
1824,AnaWagener 
1825,JosÃ©Coronado 
1826,BÃ¡rbaraLennie 
1827,O'SheaJacksonJr. 
1828,CoreyHawkins 
1829,JasonMitchell 
1830,NeilBrownJr. 
1831,JulianDennison 
1832,RimaTeWiata 
1833,SarahPolley 
1834,LinhDanPham 
1835,KenStott 
1836,DaveJohns 
1837,HayleySquires 
1838,SharonPercy 
1839,BrianaShann 
1840,DominiqueMcElligott 
1841,RosieShaw 
1842,EllarColtrane 
1843,PatriciaArquette 
1844,ElijahSmith 
1845,SurajSharma 
1846,AdilHussain 
1847,Tabu 
1848,ElizabethBerrington 
1849,LeePace 
1850,CatincaUntaru 
1851,JustineWaddell 
1852,KimUylenbroek 
1853,CraigFerguson 
1854,MorenaBaccarin 
1855,EdSkrein 
1856,LeonardNimoy 
1857,TaranehAlidoosti 
1858,ShahabHosseini 
1859,BabakKarimi 
1860,FaridSajjadiHosseini 
1861,WinonaRyder 
1862,FerdiaWalsh-Peelo 
1863,AidanGillen 
1864,MariaDoyleKennedy 
1865,SaurabhShukla 
1866,AnilKapoor 
1867,DavidJames 
1868,JasonCope 
1869,NathalieBoltt 
1870,BradGarrett 
1871,LouRomano 
1872,PattonOswalt 
1873,IanHolm 
1874,BrianHowe 
1875,KagisoKuypers 
1876,DerekJacobi 
1877,SunnyPawar 
1878,DaisyRidley 
1879,JohnBoyega 
1880,GinniferGoodwin 
1881,JennySlate 
1882,NeilPatrickHarris 
1883,MichaelKennethWilliams 
1884,Min-heeKim 
1885,Jung-wooHa 
1886,Jin-woongJo 
1887,So-riMoon 
1888,ChrisIsaak 
1889,C.H.Evans 
1890,SandraKinder 
1891,AllenLeech 
1892,F.MurrayAbraham 
1893,MartinStringer 
1894,AlexandraMariaLara 
1895,JuliaStiles 
1896,AnneDorval 
1897,Antoine-OlivierPilon 
1898,SuzanneClÃ©ment 
1899,PatrickHuard 
1900,DarÃ_oGrandinetti 
1901,MarÃ_aMarull 
1902,MÃ_nicaVilla 
1903,RitaCortese 
1904,Cary-HiroyukiTagawa 
1905,SeanBridgers 
1906,WendyCrewson 
1907,NickNolte 
1908,JenniferMorrison 
1909,IvanaBaquero 
1910,AriadnaGil 
1911,SergiLÃ_pez 
1912,MaribelVerdÃº 
1913,MindyKaling 
1914,ClintEastwood 
1915,BeeVang 
1916,ChristopherCarley 
1917,AhneyHer 
1918,LubnaAzabal 
1919,MÃ©lissaDÃ©sormeaux-Poulin 
1920,MaximGaudette 
1921,MustafaKamel 
1922,RicardoDarÃ_n 
1923,SoledadVillamil 
1924,PabloRago 
1925,CarlaQuevedo 
1926,AamirKhan 
1927,AnushkaSharma 
1928,SanjayDutt 
1929,BomanIrani 
1930,RosemarieDeWitt 
1931,Prabhas 
1932,RanaDaggubati 
1933,AnushkaShetty 
1934,TamannaahBhatia 
1935,EliRoth 
1936,MadsMikkelsen 
1937,ThomasBoLarsen 
1938,AnnikaWedderkopp 
1939,LasseFogelstrÃ¸m 
1940,NancyKwan 
1941,AnnabelleAttanasio 
1942,EdwardAsner 
1943,JordanNagai 
1944,JohnRatzenberger 
1945,TimAllen 
1946,JoanCusack 
1947,NedBeatty 
1948,KerryWashington 
1949,Madhavan 
1950,MonaSingh 
1951,SharmanJoshi 
1952,BenBurtt 
1953,ElissaKnight 
1954,JeffGarlin 
1955,FredWillard 
1956,MiyuIrino 
1957,SaoriHayami 
1958,AoiYuki 
1959,KenshÃ´Ono 
1960,JackNicholson 
1961,MelissaBenoist 
1962,PaulReiser 
1963,UlrichMÃ_he 
1964,MartinaGedeck 
1965,SebastianKoch 
1966,UlrichTukur 
1967,DarsheelSafary 
1968,TanayChheda 
1969,SachetEngineer 
1970,MackenzieFoy 
1971,RyÃ»nosukeKamiki 
1972,MoneKamishiraishi 
1973,RyÃ´Narita 
1974,FranÃ§oisCluzet 
1975,OmarSy 
1976,AnneLeNy 
1977,AudreyFleurot 
1978,SakshiTanwar 
1979,FatimaSanaShaikh 
1980,SanyaMalhotra 
1981,JohnLuessenhop 