Source,Target,Type
1,2,Undirected
1,3,Undirected
1,4,Undirected
2,3,Undirected
2,4,Undirected
3,4,Undirected
5,6,Undirected
5,7,Undirected
5,8,Undirected
6,7,Undirected
6,8,Undirected
7,8,Undirected
9,10,Undirected
9,11,Undirected
9,12,Undirected
10,11,Undirected
10,12,Undirected
11,12,Undirected
13,14,Undirected
13,15,Undirected
13,16,Undirected
14,15,Undirected
14,16,Undirected
15,16,Undirected
17,18,Undirected
17,19,Undirected
17,20,Undirected
18,19,Undirected
18,20,Undirected
19,20,Undirected
21,22,Undirected
21,23,Undirected
21,24,Undirected
22,23,Undirected
22,24,Undirected
23,24,Undirected
25,26,Undirected
25,28,Undirected
26,28,Undirected
29,30,Undirected
29,31,Undirected
29,32,Undirected
30,31,Undirected
30,32,Undirected
31,32,Undirected
33,34,Undirected
33,35,Undirected
33,36,Undirected
34,35,Undirected
34,36,Undirected
35,36,Undirected
37,38,Undirected
37,39,Undirected
37,40,Undirected
38,39,Undirected
38,40,Undirected
39,40,Undirected
41,42,Undirected
41,43,Undirected
41,44,Undirected
42,43,Undirected
42,44,Undirected
43,44,Undirected
45,46,Undirected
45,47,Undirected
45,48,Undirected
46,47,Undirected
46,48,Undirected
47,48,Undirected
49,50,Undirected
49,51,Undirected
49,52,Undirected
50,51,Undirected
50,52,Undirected
51,52,Undirected
53,54,Undirected
53,55,Undirected
53,56,Undirected
54,55,Undirected
54,56,Undirected
55,56,Undirected
57,58,Undirected
57,59,Undirected
57,60,Undirected
58,59,Undirected
58,60,Undirected
59,60,Undirected
61,62,Undirected
61,63,Undirected
61,64,Undirected
62,63,Undirected
62,64,Undirected
63,64,Undirected
65,66,Undirected
65,67,Undirected
65,68,Undirected
66,67,Undirected
66,68,Undirected
67,68,Undirected
69,70,Undirected
69,71,Undirected
69,72,Undirected
70,71,Undirected
70,72,Undirected
71,72,Undirected
73,74,Undirected
73,75,Undirected
73,76,Undirected
74,75,Undirected
74,76,Undirected
75,76,Undirected
77,78,Undirected
77,79,Undirected
77,80,Undirected
78,79,Undirected
78,80,Undirected
79,80,Undirected
81,82,Undirected
81,83,Undirected
81,84,Undirected
82,83,Undirected
82,84,Undirected
83,84,Undirected
85,86,Undirected
85,87,Undirected
85,88,Undirected
86,87,Undirected
86,88,Undirected
87,88,Undirected
89,90,Undirected
89,91,Undirected
89,92,Undirected
90,91,Undirected
90,92,Undirected
91,92,Undirected
93,94,Undirected
93,95,Undirected
93,96,Undirected
94,95,Undirected
94,96,Undirected
95,96,Undirected
97,98,Undirected
97,99,Undirected
97,100,Undirected
98,99,Undirected
98,100,Undirected
99,100,Undirected
101,102,Undirected
101,103,Undirected
101,104,Undirected
102,103,Undirected
102,104,Undirected
103,104,Undirected
105,106,Undirected
105,107,Undirected
105,108,Undirected
106,107,Undirected
106,108,Undirected
107,108,Undirected
109,110,Undirected
109,111,Undirected
109,112,Undirected
110,111,Undirected
110,112,Undirected
111,112,Undirected
113,114,Undirected
113,116,Undirected
114,116,Undirected
117,118,Undirected
117,119,Undirected
117,120,Undirected
118,119,Undirected
118,120,Undirected
119,120,Undirected
121,122,Undirected
121,123,Undirected
121,124,Undirected
122,123,Undirected
122,124,Undirected
123,124,Undirected
125,126,Undirected
125,127,Undirected
125,128,Undirected
126,127,Undirected
126,128,Undirected
127,128,Undirected
129,130,Undirected
129,132,Undirected
130,132,Undirected
133,134,Undirected
133,135,Undirected
133,136,Undirected
134,135,Undirected
134,136,Undirected
135,136,Undirected
137,138,Undirected
137,139,Undirected
137,140,Undirected
138,139,Undirected
138,140,Undirected
139,140,Undirected
141,142,Undirected
141,143,Undirected
141,144,Undirected
142,143,Undirected
142,144,Undirected
143,144,Undirected
58,145,Undirected
58,57,Undirected
58,146,Undirected
145,57,Undirected
145,146,Undirected
57,146,Undirected
147,148,Undirected
147,149,Undirected
147,150,Undirected
148,149,Undirected
148,150,Undirected
149,150,Undirected
151,152,Undirected
151,153,Undirected
151,154,Undirected
152,153,Undirected
152,154,Undirected
153,154,Undirected
155,156,Undirected
155,136,Undirected
155,157,Undirected
156,136,Undirected
156,157,Undirected
136,157,Undirected
155,156,Undirected
155,136,Undirected
155,158,Undirected
156,136,Undirected
156,158,Undirected
136,158,Undirected
159,160,Undirected
159,161,Undirected
159,162,Undirected
160,161,Undirected
160,162,Undirected
161,162,Undirected
163,164,Undirected
163,165,Undirected
163,166,Undirected
164,165,Undirected
164,166,Undirected
165,166,Undirected
167,168,Undirected
167,169,Undirected
167,170,Undirected
168,169,Undirected
168,170,Undirected
169,170,Undirected
172,173,Undirected
172,175,Undirected
172,176,Undirected
172,177,Undirected
172,178,Undirected
173,175,Undirected
173,176,Undirected
173,177,Undirected
173,178,Undirected
175,176,Undirected
175,177,Undirected
175,178,Undirected
176,177,Undirected
176,178,Undirected
177,178,Undirected
179,180,Undirected
179,72,Undirected
179,181,Undirected
180,72,Undirected
180,181,Undirected
72,181,Undirected
182,183,Undirected
182,184,Undirected
182,185,Undirected
183,184,Undirected
183,185,Undirected
184,185,Undirected
186,187,Undirected
186,188,Undirected
186,189,Undirected
187,188,Undirected
187,189,Undirected
188,189,Undirected
190,191,Undirected
190,192,Undirected
190,193,Undirected
191,192,Undirected
191,193,Undirected
192,193,Undirected
194,195,Undirected
194,196,Undirected
194,197,Undirected
195,196,Undirected
195,197,Undirected
196,197,Undirected
155,156,Undirected
155,198,Undirected
155,199,Undirected
156,198,Undirected
156,199,Undirected
198,199,Undirected
200,201,Undirected
200,202,Undirected
200,203,Undirected
201,202,Undirected
201,203,Undirected
202,203,Undirected
204,205,Undirected
204,206,Undirected
204,207,Undirected
205,206,Undirected
205,207,Undirected
206,207,Undirected
209,210,Undirected
209,211,Undirected
210,211,Undirected
212,213,Undirected
212,214,Undirected
212,215,Undirected
213,214,Undirected
213,215,Undirected
214,215,Undirected
216,217,Undirected
216,218,Undirected
216,219,Undirected
217,218,Undirected
217,219,Undirected
218,219,Undirected
220,221,Undirected
220,95,Undirected
220,222,Undirected
221,95,Undirected
221,222,Undirected
95,222,Undirected
223,224,Undirected
223,225,Undirected
223,226,Undirected
224,225,Undirected
224,226,Undirected
225,226,Undirected
227,228,Undirected
227,229,Undirected
227,230,Undirected
228,229,Undirected
228,230,Undirected
229,230,Undirected
216,231,Undirected
216,232,Undirected
216,4,Undirected
231,232,Undirected
231,4,Undirected
232,4,Undirected
233,234,Undirected
233,235,Undirected
233,236,Undirected
234,235,Undirected
234,236,Undirected
235,236,Undirected
237,238,Undirected
237,239,Undirected
237,240,Undirected
238,239,Undirected
238,240,Undirected
239,240,Undirected
241,242,Undirected
241,243,Undirected
241,244,Undirected
242,243,Undirected
242,244,Undirected
243,244,Undirected
245,246,Undirected
245,247,Undirected
245,248,Undirected
246,247,Undirected
246,248,Undirected
247,248,Undirected
249,250,Undirected
249,251,Undirected
249,252,Undirected
250,251,Undirected
250,252,Undirected
251,252,Undirected
253,254,Undirected
253,255,Undirected
253,256,Undirected
254,255,Undirected
254,256,Undirected
255,256,Undirected
258,259,Undirected
258,260,Undirected
259,260,Undirected
261,183,Undirected
261,26,Undirected
183,26,Undirected
262,263,Undirected
262,264,Undirected
262,265,Undirected
263,264,Undirected
263,265,Undirected
264,265,Undirected
266,267,Undirected
266,268,Undirected
266,269,Undirected
267,268,Undirected
267,269,Undirected
268,269,Undirected
270,271,Undirected
270,147,Undirected
270,272,Undirected
271,147,Undirected
271,272,Undirected
147,272,Undirected
183,274,Undirected
183,275,Undirected
274,275,Undirected
276,277,Undirected
276,278,Undirected
276,279,Undirected
277,278,Undirected
277,279,Undirected
278,279,Undirected
280,281,Undirected
280,282,Undirected
280,283,Undirected
281,282,Undirected
281,283,Undirected
282,283,Undirected
284,285,Undirected
284,286,Undirected
284,287,Undirected
285,286,Undirected
285,287,Undirected
286,287,Undirected
133,288,Undirected
133,289,Undirected
133,290,Undirected
288,289,Undirected
288,290,Undirected
289,290,Undirected
225,291,Undirected
225,292,Undirected
225,293,Undirected
291,292,Undirected
291,293,Undirected
292,293,Undirected
145,294,Undirected
145,146,Undirected
145,295,Undirected
294,146,Undirected
294,295,Undirected
146,295,Undirected
296,297,Undirected
296,253,Undirected
296,298,Undirected
297,253,Undirected
297,298,Undirected
253,298,Undirected
299,272,Undirected
299,82,Undirected
299,300,Undirected
272,82,Undirected
272,300,Undirected
82,300,Undirected
241,301,Undirected
241,302,Undirected
241,303,Undirected
301,302,Undirected
301,303,Undirected
302,303,Undirected
304,305,Undirected
304,306,Undirected
304,307,Undirected
305,306,Undirected
305,307,Undirected
306,307,Undirected
308,309,Undirected
308,310,Undirected
308,311,Undirected
309,310,Undirected
309,311,Undirected
310,311,Undirected
284,312,Undirected
284,313,Undirected
284,314,Undirected
312,313,Undirected
312,314,Undirected
313,314,Undirected
315,316,Undirected
315,104,Undirected
315,317,Undirected
315,318,Undirected
315,319,Undirected
315,320,Undirected
316,104,Undirected
316,317,Undirected
316,318,Undirected
316,319,Undirected
316,320,Undirected
104,317,Undirected
104,318,Undirected
104,319,Undirected
104,320,Undirected
317,318,Undirected
317,319,Undirected
317,320,Undirected
318,319,Undirected
318,320,Undirected
319,320,Undirected
321,322,Undirected
321,61,Undirected
321,323,Undirected
322,61,Undirected
322,323,Undirected
61,323,Undirected
324,326,Undirected
324,327,Undirected
326,327,Undirected
328,329,Undirected
328,330,Undirected
328,331,Undirected
329,330,Undirected
329,331,Undirected
330,331,Undirected
155,156,Undirected
155,136,Undirected
155,332,Undirected
156,136,Undirected
156,332,Undirected
136,332,Undirected
333,316,Undirected
333,334,Undirected
333,335,Undirected
316,334,Undirected
316,335,Undirected
334,335,Undirected
336,337,Undirected
336,338,Undirected
336,339,Undirected
337,338,Undirected
337,339,Undirected
338,339,Undirected
340,262,Undirected
340,341,Undirected
340,342,Undirected
262,341,Undirected
262,342,Undirected
341,342,Undirected
343,344,Undirected
343,345,Undirected
343,346,Undirected
344,345,Undirected
344,346,Undirected
345,346,Undirected
133,347,Undirected
133,348,Undirected
133,349,Undirected
347,348,Undirected
347,349,Undirected
348,349,Undirected
350,351,Undirected
350,352,Undirected
350,353,Undirected
351,352,Undirected
351,353,Undirected
352,353,Undirected
73,74,Undirected
73,76,Undirected
73,75,Undirected
74,76,Undirected
74,75,Undirected
76,75,Undirected
354,355,Undirected
354,356,Undirected
354,357,Undirected
355,356,Undirected
355,357,Undirected
356,357,Undirected
358,359,Undirected
358,360,Undirected
358,361,Undirected
359,360,Undirected
359,361,Undirected
360,361,Undirected
299,362,Undirected
299,363,Undirected
299,364,Undirected
362,363,Undirected
362,364,Undirected
363,364,Undirected
365,366,Undirected
365,367,Undirected
365,368,Undirected
366,367,Undirected
366,368,Undirected
367,368,Undirected
369,354,Undirected
369,370,Undirected
369,371,Undirected
354,370,Undirected
354,371,Undirected
370,371,Undirected
372,373,Undirected
372,374,Undirected
372,375,Undirected
373,374,Undirected
373,375,Undirected
374,375,Undirected
133,288,Undirected
133,376,Undirected
133,302,Undirected
288,376,Undirected
288,302,Undirected
376,302,Undirected
377,378,Undirected
377,379,Undirected
377,222,Undirected
378,379,Undirected
378,222,Undirected
379,222,Undirected
380,381,Undirected
380,382,Undirected
380,383,Undirected
381,382,Undirected
381,383,Undirected
382,383,Undirected
384,385,Undirected
384,386,Undirected
384,387,Undirected
385,386,Undirected
385,387,Undirected
386,387,Undirected
388,389,Undirected
388,390,Undirected
388,391,Undirected
389,390,Undirected
389,391,Undirected
390,391,Undirected
326,392,Undirected
326,393,Undirected
326,394,Undirected
392,393,Undirected
392,394,Undirected
393,394,Undirected
395,396,Undirected
395,397,Undirected
395,398,Undirected
396,397,Undirected
396,398,Undirected
397,398,Undirected
399,400,Undirected
399,401,Undirected
399,127,Undirected
400,401,Undirected
400,127,Undirected
401,127,Undirected
402,403,Undirected
402,404,Undirected
402,128,Undirected
403,404,Undirected
403,128,Undirected
404,128,Undirected
405,406,Undirected
405,407,Undirected
405,408,Undirected
406,407,Undirected
406,408,Undirected
407,408,Undirected
409,410,Undirected
409,411,Undirected
409,412,Undirected
410,411,Undirected
410,412,Undirected
411,412,Undirected
413,414,Undirected
413,415,Undirected
413,416,Undirected
414,415,Undirected
414,416,Undirected
415,416,Undirected
417,418,Undirected
417,419,Undirected
417,420,Undirected
418,419,Undirected
418,420,Undirected
419,420,Undirected
167,54,Undirected
167,421,Undirected
167,422,Undirected
54,421,Undirected
54,422,Undirected
421,422,Undirected
423,424,Undirected
423,425,Undirected
423,101,Undirected
424,425,Undirected
424,101,Undirected
425,101,Undirected
36,426,Undirected
36,427,Undirected
36,428,Undirected
426,427,Undirected
426,428,Undirected
427,428,Undirected
429,275,Undirected
429,430,Undirected
429,431,Undirected
429,432,Undirected
429,169,Undirected
429,433,Undirected
275,430,Undirected
275,431,Undirected
275,432,Undirected
275,169,Undirected
275,433,Undirected
430,431,Undirected
430,432,Undirected
430,169,Undirected
430,433,Undirected
431,432,Undirected
431,169,Undirected
431,433,Undirected
432,169,Undirected
432,433,Undirected
169,433,Undirected
434,435,Undirected
434,132,Undirected
434,436,Undirected
435,132,Undirected
435,436,Undirected
132,436,Undirected
437,438,Undirected
437,439,Undirected
437,440,Undirected
438,439,Undirected
438,440,Undirected
439,440,Undirected
441,442,Undirected
441,443,Undirected
441,444,Undirected
442,443,Undirected
442,444,Undirected
443,444,Undirected
445,446,Undirected
445,447,Undirected
445,448,Undirected
446,447,Undirected
446,448,Undirected
447,448,Undirected
449,450,Undirected
449,451,Undirected
449,452,Undirected
450,451,Undirected
450,452,Undirected
451,452,Undirected
453,454,Undirected
453,455,Undirected
453,456,Undirected
454,455,Undirected
454,456,Undirected
455,456,Undirected
249,457,Undirected
249,458,Undirected
249,459,Undirected
457,458,Undirected
457,459,Undirected
458,459,Undirected
133,290,Undirected
133,460,Undirected
133,461,Undirected
290,460,Undirected
290,461,Undirected
460,461,Undirected
204,462,Undirected
204,259,Undirected
204,352,Undirected
462,259,Undirected
462,352,Undirected
259,352,Undirected
183,463,Undirected
183,464,Undirected
183,234,Undirected
463,464,Undirected
463,234,Undirected
464,234,Undirected
465,466,Undirected
465,467,Undirected
465,468,Undirected
466,467,Undirected
466,468,Undirected
467,468,Undirected
469,470,Undirected
469,414,Undirected
469,471,Undirected
470,414,Undirected
470,471,Undirected
414,471,Undirected
472,206,Undirected
472,473,Undirected
472,474,Undirected
206,473,Undirected
206,474,Undirected
473,474,Undirected
465,462,Undirected
465,475,Undirected
465,476,Undirected
462,475,Undirected
462,476,Undirected
475,476,Undirected
477,478,Undirected
477,479,Undirected
477,480,Undirected
478,479,Undirected
478,480,Undirected
479,480,Undirected
481,354,Undirected
481,482,Undirected
481,483,Undirected
354,482,Undirected
354,483,Undirected
482,483,Undirected
33,424,Undirected
33,484,Undirected
33,485,Undirected
424,484,Undirected
424,485,Undirected
484,485,Undirected
486,487,Undirected
486,488,Undirected
486,489,Undirected
487,488,Undirected
487,489,Undirected
488,489,Undirected
490,491,Undirected
490,492,Undirected
490,493,Undirected
491,492,Undirected
491,493,Undirected
492,493,Undirected
335,494,Undirected
335,418,Undirected
335,369,Undirected
494,418,Undirected
494,369,Undirected
418,369,Undirected
495,496,Undirected
495,497,Undirected
495,498,Undirected
496,497,Undirected
496,498,Undirected
497,498,Undirected
66,499,Undirected
66,500,Undirected
66,501,Undirected
499,500,Undirected
499,501,Undirected
500,501,Undirected
502,503,Undirected
502,405,Undirected
502,504,Undirected
503,405,Undirected
503,504,Undirected
405,504,Undirected
505,506,Undirected
505,507,Undirected
505,508,Undirected
506,507,Undirected
506,508,Undirected
507,508,Undirected
510,511,Undirected
510,512,Undirected
511,512,Undirected
513,514,Undirected
513,515,Undirected
513,516,Undirected
514,515,Undirected
514,516,Undirected
515,516,Undirected
513,242,Undirected
513,114,Undirected
513,517,Undirected
242,114,Undirected
242,517,Undirected
114,517,Undirected
518,519,Undirected
518,520,Undirected
518,299,Undirected
519,520,Undirected
519,299,Undirected
520,299,Undirected
521,522,Undirected
521,523,Undirected
521,26,Undirected
522,523,Undirected
522,26,Undirected
523,26,Undirected
524,525,Undirected
524,437,Undirected
524,526,Undirected
525,437,Undirected
525,526,Undirected
437,526,Undirected
527,528,Undirected
527,529,Undirected
527,530,Undirected
528,529,Undirected
528,530,Undirected
529,530,Undirected
369,333,Undirected
369,334,Undirected
369,531,Undirected
333,334,Undirected
333,531,Undirected
334,531,Undirected
532,533,Undirected
532,534,Undirected
532,535,Undirected
533,534,Undirected
533,535,Undirected
534,535,Undirected
536,511,Undirected
536,537,Undirected
536,538,Undirected
511,537,Undirected
511,538,Undirected
537,538,Undirected
539,540,Undirected
539,541,Undirected
539,269,Undirected
540,541,Undirected
540,269,Undirected
541,269,Undirected
113,376,Undirected
113,316,Undirected
113,542,Undirected
376,316,Undirected
376,542,Undirected
316,542,Undirected
543,544,Undirected
543,443,Undirected
543,467,Undirected
544,443,Undirected
544,467,Undirected
443,467,Undirected
234,249,Undirected
234,545,Undirected
234,342,Undirected
249,545,Undirected
249,342,Undirected
545,342,Undirected
546,547,Undirected
546,548,Undirected
546,66,Undirected
547,548,Undirected
547,66,Undirected
548,66,Undirected
536,511,Undirected
536,549,Undirected
536,537,Undirected
511,549,Undirected
511,537,Undirected
549,537,Undirected
181,550,Undirected
181,551,Undirected
181,552,Undirected
550,551,Undirected
550,552,Undirected
551,552,Undirected
261,553,Undirected
261,478,Undirected
261,554,Undirected
553,478,Undirected
553,554,Undirected
478,554,Undirected
555,556,Undirected
555,469,Undirected
555,558,Undirected
555,556,Undirected
555,559,Undirected
555,560,Undirected
556,469,Undirected
556,558,Undirected
556,556,Undirected
556,559,Undirected
556,560,Undirected
469,558,Undirected
469,556,Undirected
469,559,Undirected
469,560,Undirected
558,556,Undirected
558,559,Undirected
558,560,Undirected
556,559,Undirected
556,560,Undirected
559,560,Undirected
561,562,Undirected
561,563,Undirected
561,564,Undirected
562,563,Undirected
562,564,Undirected
563,564,Undirected
518,565,Undirected
518,566,Undirected
518,567,Undirected
565,566,Undirected
565,567,Undirected
566,567,Undirected
568,569,Undirected
568,570,Undirected
568,571,Undirected
569,570,Undirected
569,571,Undirected
570,571,Undirected
319,572,Undirected
319,573,Undirected
319,574,Undirected
572,573,Undirected
572,574,Undirected
573,574,Undirected
329,575,Undirected
329,576,Undirected
575,576,Undirected
179,577,Undirected
179,578,Undirected
179,579,Undirected
577,578,Undirected
577,579,Undirected
578,579,Undirected
424,581,Undirected
472,582,Undirected
472,583,Undirected
472,584,Undirected
582,583,Undirected
582,584,Undirected
583,584,Undirected
518,585,Undirected
518,567,Undirected
518,586,Undirected
585,567,Undirected
585,586,Undirected
567,586,Undirected
587,588,Undirected
587,589,Undirected
587,590,Undirected
588,589,Undirected
588,590,Undirected
589,590,Undirected
481,101,Undirected
481,591,Undirected
481,592,Undirected
101,591,Undirected
101,592,Undirected
591,592,Undirected
593,594,Undirected
593,234,Undirected
593,595,Undirected
594,234,Undirected
594,595,Undirected
234,595,Undirected
596,597,Undirected
596,598,Undirected
596,599,Undirected
597,598,Undirected
597,599,Undirected
598,599,Undirected
594,600,Undirected
594,601,Undirected
594,142,Undirected
600,601,Undirected
600,142,Undirected
601,142,Undirected
602,603,Undirected
602,604,Undirected
602,100,Undirected
603,604,Undirected
603,100,Undirected
604,100,Undirected
299,363,Undirected
299,605,Undirected
299,606,Undirected
363,605,Undirected
363,606,Undirected
605,606,Undirected
430,607,Undirected
430,608,Undirected
430,609,Undirected
607,608,Undirected
607,609,Undirected
608,609,Undirected
608,610,Undirected
608,611,Undirected
608,612,Undirected
610,611,Undirected
610,612,Undirected
611,612,Undirected
613,309,Undirected
613,614,Undirected
613,615,Undirected
309,614,Undirected
309,615,Undirected
614,615,Undirected
616,617,Undirected
616,618,Undirected
616,619,Undirected
617,618,Undirected
617,619,Undirected
618,619,Undirected
179,577,Undirected
179,620,Undirected
179,621,Undirected
577,620,Undirected
577,621,Undirected
620,621,Undirected
280,430,Undirected
280,326,Undirected
280,609,Undirected
430,326,Undirected
430,609,Undirected
326,609,Undirected
622,623,Undirected
622,624,Undirected
622,625,Undirected
623,624,Undirected
623,625,Undirected
624,625,Undirected
236,626,Undirected
236,627,Undirected
236,628,Undirected
626,627,Undirected
626,628,Undirected
627,628,Undirected
629,500,Undirected
629,630,Undirected
629,632,Undirected
629,633,Undirected
629,634,Undirected
629,635,Undirected
500,630,Undirected
500,632,Undirected
500,633,Undirected
500,634,Undirected
500,635,Undirected
630,632,Undirected
630,633,Undirected
630,634,Undirected
630,635,Undirected
632,633,Undirected
632,634,Undirected
632,635,Undirected
633,634,Undirected
633,635,Undirected
634,635,Undirected
636,637,Undirected
636,639,Undirected
637,639,Undirected
640,33,Undirected
640,641,Undirected
640,642,Undirected
33,641,Undirected
33,642,Undirected
641,642,Undirected
643,644,Undirected
643,645,Undirected
643,646,Undirected
644,645,Undirected
644,646,Undirected
645,646,Undirected
647,648,Undirected
647,649,Undirected
647,650,Undirected
648,649,Undirected
648,650,Undirected
649,650,Undirected
116,651,Undirected
116,652,Undirected
116,653,Undirected
651,652,Undirected
651,653,Undirected
652,653,Undirected
654,655,Undirected
654,656,Undirected
654,657,Undirected
655,656,Undirected
655,657,Undirected
656,657,Undirected
469,658,Undirected
469,444,Undirected
469,81,Undirected
658,444,Undirected
658,81,Undirected
444,81,Undirected
183,281,Undirected
183,659,Undirected
183,318,Undirected
281,659,Undirected
281,318,Undirected
659,318,Undirected
660,661,Undirected
660,623,Undirected
660,662,Undirected
661,623,Undirected
661,662,Undirected
623,662,Undirected
511,663,Undirected
511,664,Undirected
511,665,Undirected
663,664,Undirected
663,665,Undirected
664,665,Undirected
666,667,Undirected
666,668,Undirected
666,669,Undirected
667,668,Undirected
667,669,Undirected
668,669,Undirected
546,179,Undirected
546,670,Undirected
546,671,Undirected
179,670,Undirected
179,671,Undirected
670,671,Undirected
133,672,Undirected
133,288,Undirected
133,289,Undirected
672,288,Undirected
672,289,Undirected
288,289,Undirected
673,674,Undirected
673,675,Undirected
673,676,Undirected
674,675,Undirected
674,676,Undirected
675,676,Undirected
167,677,Undirected
167,678,Undirected
167,679,Undirected
677,678,Undirected
677,679,Undirected
678,679,Undirected
680,88,Undirected
680,681,Undirected
680,682,Undirected
88,681,Undirected
88,682,Undirected
681,682,Undirected
683,684,Undirected
683,685,Undirected
683,686,Undirected
684,685,Undirected
684,686,Undirected
685,686,Undirected
58,227,Undirected
58,687,Undirected
58,688,Undirected
227,687,Undirected
227,688,Undirected
687,688,Undirected
601,689,Undirected
601,690,Undirected
601,691,Undirected
689,690,Undirected
689,691,Undirected
690,691,Undirected
622,692,Undirected
622,585,Undirected
622,693,Undirected
692,585,Undirected
692,693,Undirected
585,693,Undirected
694,695,Undirected
694,696,Undirected
694,697,Undirected
695,696,Undirected
695,697,Undirected
696,697,Undirected
284,698,Undirected
284,25,Undirected
284,612,Undirected
698,25,Undirected
698,612,Undirected
25,612,Undirected
262,245,Undirected
262,223,Undirected
262,699,Undirected
245,223,Undirected
245,699,Undirected
223,699,Undirected
700,556,Undirected
700,701,Undirected
700,702,Undirected
556,701,Undirected
556,702,Undirected
701,702,Undirected
49,703,Undirected
49,281,Undirected
49,652,Undirected
703,281,Undirected
703,652,Undirected
281,652,Undirected
704,232,Undirected
704,103,Undirected
704,705,Undirected
232,103,Undirected
232,705,Undirected
103,705,Undirected
706,377,Undirected
706,221,Undirected
706,707,Undirected
377,221,Undirected
377,707,Undirected
221,707,Undirected
249,708,Undirected
249,494,Undirected
249,481,Undirected
708,494,Undirected
708,481,Undirected
494,481,Undirected
709,710,Undirected
709,711,Undirected
709,712,Undirected
710,711,Undirected
710,712,Undirected
711,712,Undirected
708,713,Undirected
708,714,Undirected
708,260,Undirected
713,714,Undirected
713,260,Undirected
714,260,Undirected
715,544,Undirected
715,716,Undirected
715,717,Undirected
544,716,Undirected
544,717,Undirected
716,717,Undirected
155,284,Undirected
155,25,Undirected
155,718,Undirected
284,25,Undirected
284,718,Undirected
25,718,Undirected
719,720,Undirected
719,721,Undirected
719,722,Undirected
720,721,Undirected
720,722,Undirected
721,722,Undirected
116,167,Undirected
116,723,Undirected
116,724,Undirected
167,723,Undirected
167,724,Undirected
723,724,Undirected
58,726,Undirected
58,727,Undirected
726,727,Undirected
728,729,Undirected
728,730,Undirected
728,731,Undirected
729,730,Undirected
729,731,Undirected
730,731,Undirected
732,405,Undirected
732,68,Undirected
732,733,Undirected
405,68,Undirected
405,733,Undirected
68,733,Undirected
249,734,Undirected
249,735,Undirected
249,736,Undirected
734,735,Undirected
734,736,Undirected
735,736,Undirected
737,25,Undirected
737,511,Undirected
737,180,Undirected
25,511,Undirected
25,180,Undirected
511,180,Undirected
738,739,Undirected
738,740,Undirected
738,741,Undirected
739,740,Undirected
739,741,Undirected
740,741,Undirected
441,155,Undirected
441,742,Undirected
441,743,Undirected
155,742,Undirected
155,743,Undirected
742,743,Undirected
744,745,Undirected
744,746,Undirected
744,747,Undirected
745,746,Undirected
745,747,Undirected
746,747,Undirected
748,276,Undirected
748,704,Undirected
748,749,Undirected
276,704,Undirected
276,749,Undirected
704,749,Undirected
326,750,Undirected
326,751,Undirected
326,752,Undirected
750,751,Undirected
750,752,Undirected
751,752,Undirected
753,754,Undirected
753,755,Undirected
753,756,Undirected
754,755,Undirected
754,756,Undirected
755,756,Undirected
321,757,Undirected
321,758,Undirected
321,759,Undirected
757,758,Undirected
757,759,Undirected
758,759,Undirected
760,761,Undirected
760,762,Undirected
760,763,Undirected
761,762,Undirected
761,763,Undirected
762,763,Undirected
161,764,Undirected
161,765,Undirected
161,285,Undirected
764,765,Undirected
764,285,Undirected
765,285,Undirected
250,461,Undirected
250,301,Undirected
250,710,Undirected
461,301,Undirected
461,710,Undirected
301,710,Undirected
766,767,Undirected
766,58,Undirected
766,617,Undirected
767,58,Undirected
767,617,Undirected
58,617,Undirected
768,769,Undirected
768,770,Undirected
768,771,Undirected
769,770,Undirected
769,771,Undirected
770,771,Undirected
719,442,Undirected
719,772,Undirected
719,773,Undirected
442,772,Undirected
442,773,Undirected
772,773,Undirected
774,581,Undirected
774,775,Undirected
774,776,Undirected
581,775,Undirected
581,776,Undirected
775,776,Undirected
777,71,Undirected
777,778,Undirected
777,355,Undirected
71,778,Undirected
71,355,Undirected
778,355,Undirected
779,780,Undirected
779,781,Undirected
779,782,Undirected
780,781,Undirected
780,782,Undirected
781,782,Undirected
783,784,Undirected
783,785,Undirected
783,724,Undirected
784,785,Undirected
784,724,Undirected
785,724,Undirected
786,787,Undirected
786,462,Undirected
786,788,Undirected
787,462,Undirected
787,788,Undirected
462,788,Undirected
529,528,Undirected
529,789,Undirected
529,790,Undirected
528,789,Undirected
528,790,Undirected
789,790,Undirected
101,791,Undirected
101,158,Undirected
101,792,Undirected
791,158,Undirected
791,792,Undirected
158,792,Undirected
793,398,Undirected
793,703,Undirected
793,794,Undirected
398,703,Undirected
398,794,Undirected
703,794,Undirected
795,285,Undirected
795,796,Undirected
795,797,Undirected
285,796,Undirected
285,797,Undirected
796,797,Undirected
113,798,Undirected
113,114,Undirected
113,799,Undirected
798,114,Undirected
798,799,Undirected
114,799,Undirected
800,801,Undirected
800,802,Undirected
800,804,Undirected
800,805,Undirected
800,806,Undirected
800,807,Undirected
801,802,Undirected
801,804,Undirected
801,805,Undirected
801,806,Undirected
801,807,Undirected
802,804,Undirected
802,805,Undirected
802,806,Undirected
802,807,Undirected
804,805,Undirected
804,806,Undirected
804,807,Undirected
805,806,Undirected
805,807,Undirected
806,807,Undirected
808,159,Undirected
808,809,Undirected
808,810,Undirected
159,809,Undirected
159,810,Undirected
809,810,Undirected
71,811,Undirected
71,787,Undirected
71,778,Undirected
811,787,Undirected
811,778,Undirected
787,778,Undirected
430,122,Undirected
430,812,Undirected
430,813,Undirected
122,812,Undirected
122,813,Undirected
812,813,Undirected
814,470,Undirected
814,546,Undirected
814,815,Undirected
470,546,Undirected
470,815,Undirected
546,815,Undirected
114,816,Undirected
114,817,Undirected
114,818,Undirected
816,817,Undirected
816,818,Undirected
817,818,Undirected
414,819,Undirected
414,820,Undirected
414,821,Undirected
819,820,Undirected
819,821,Undirected
820,821,Undirected
259,822,Undirected
259,823,Undirected
259,791,Undirected
822,823,Undirected
822,791,Undirected
823,791,Undirected
611,824,Undirected
611,825,Undirected
611,826,Undirected
824,825,Undirected
824,826,Undirected
825,826,Undirected
698,318,Undirected
698,827,Undirected
698,829,Undirected
698,277,Undirected
698,780,Undirected
698,830,Undirected
318,827,Undirected
318,829,Undirected
318,277,Undirected
318,780,Undirected
318,830,Undirected
827,829,Undirected
827,277,Undirected
827,780,Undirected
827,830,Undirected
829,277,Undirected
829,780,Undirected
829,830,Undirected
277,780,Undirected
277,830,Undirected
780,830,Undirected
831,281,Undirected
831,832,Undirected
831,833,Undirected
281,832,Undirected
281,833,Undirected
832,833,Undirected
834,548,Undirected
834,835,Undirected
834,223,Undirected
548,835,Undirected
548,223,Undirected
835,223,Undirected
836,415,Undirected
836,837,Undirected
836,246,Undirected
415,837,Undirected
415,246,Undirected
837,246,Undirected
838,839,Undirected
838,840,Undirected
838,841,Undirected
839,840,Undirected
839,841,Undirected
840,841,Undirected
430,67,Undirected
430,65,Undirected
430,842,Undirected
67,65,Undirected
67,842,Undirected
65,842,Undirected
824,843,Undirected
824,844,Undirected
824,845,Undirected
843,844,Undirected
843,845,Undirected
844,845,Undirected
846,847,Undirected
846,848,Undirected
846,849,Undirected
847,848,Undirected
847,849,Undirected
848,849,Undirected
25,441,Undirected
25,767,Undirected
25,529,Undirected
25,744,Undirected
25,370,Undirected
25,850,Undirected
441,767,Undirected
441,529,Undirected
441,744,Undirected
441,370,Undirected
441,850,Undirected
767,529,Undirected
767,744,Undirected
767,370,Undirected
767,850,Undirected
529,744,Undirected
529,370,Undirected
529,850,Undirected
744,370,Undirected
744,850,Undirected
370,850,Undirected
851,852,Undirected
851,853,Undirected
851,854,Undirected
852,853,Undirected
852,854,Undirected
853,854,Undirected
326,415,Undirected
326,855,Undirected
326,856,Undirected
415,855,Undirected
415,856,Undirected
855,856,Undirected
429,242,Undirected
429,857,Undirected
429,858,Undirected
242,857,Undirected
242,858,Undirected
857,858,Undirected
859,861,Undirected
859,862,Undirected
861,862,Undirected
155,863,Undirected
155,864,Undirected
155,865,Undirected
863,864,Undirected
863,865,Undirected
864,865,Undirected
866,867,Undirected
866,868,Undirected
867,868,Undirected
869,870,Undirected
869,871,Undirected
869,872,Undirected
870,871,Undirected
870,872,Undirected
871,872,Undirected
873,534,Undirected
873,874,Undirected
873,875,Undirected
534,874,Undirected
534,875,Undirected
874,875,Undirected
876,877,Undirected
876,679,Undirected
876,878,Undirected
877,679,Undirected
877,878,Undirected
679,878,Undirected
879,880,Undirected
879,881,Undirected
879,551,Undirected
880,881,Undirected
880,551,Undirected
881,551,Undirected
622,651,Undirected
622,882,Undirected
622,883,Undirected
651,882,Undirected
651,883,Undirected
882,883,Undirected
423,884,Undirected
423,424,Undirected
423,885,Undirected
884,424,Undirected
884,885,Undirected
424,885,Undirected
502,886,Undirected
502,797,Undirected
502,537,Undirected
886,797,Undirected
886,537,Undirected
797,537,Undirected
824,395,Undirected
824,516,Undirected
824,548,Undirected
395,516,Undirected
395,548,Undirected
516,548,Undirected
887,888,Undirected
887,889,Undirected
887,890,Undirected
888,889,Undirected
888,890,Undirected
889,890,Undirected
415,891,Undirected
415,892,Undirected
415,250,Undirected
891,892,Undirected
891,250,Undirected
892,250,Undirected
893,830,Undirected
893,894,Undirected
893,895,Undirected
830,894,Undirected
830,895,Undirected
894,895,Undirected
896,529,Undirected
896,897,Undirected
896,898,Undirected
529,897,Undirected
529,898,Undirected
897,898,Undirected
371,899,Undirected
371,413,Undirected
371,675,Undirected
899,413,Undirected
899,675,Undirected
413,675,Undirected
900,901,Undirected
900,902,Undirected
900,903,Undirected
901,902,Undirected
901,903,Undirected
902,903,Undirected
904,905,Undirected
904,906,Undirected
904,907,Undirected
905,906,Undirected
905,907,Undirected
906,907,Undirected
908,818,Undirected
908,909,Undirected
908,910,Undirected
818,909,Undirected
818,910,Undirected
909,910,Undirected
911,912,Undirected
911,560,Undirected
911,913,Undirected
912,560,Undirected
912,913,Undirected
560,913,Undirected
480,914,Undirected
480,915,Undirected
480,916,Undirected
914,915,Undirected
914,916,Undirected
915,916,Undirected
546,917,Undirected
546,671,Undirected
546,670,Undirected
917,671,Undirected
917,670,Undirected
671,670,Undirected
918,784,Undirected
918,919,Undirected
918,920,Undirected
784,919,Undirected
784,920,Undirected
919,920,Undirected
522,921,Undirected
522,556,Undirected
522,922,Undirected
921,556,Undirected
921,922,Undirected
556,922,Undirected
608,923,Undirected
608,924,Undirected
608,925,Undirected
923,924,Undirected
923,925,Undirected
924,925,Undirected
926,927,Undirected
926,928,Undirected
926,33,Undirected
927,928,Undirected
927,33,Undirected
928,33,Undirected
167,737,Undirected
167,180,Undirected
167,929,Undirected
737,180,Undirected
737,929,Undirected
180,929,Undirected
333,114,Undirected
333,275,Undirected
333,930,Undirected
114,275,Undirected
114,930,Undirected
275,930,Undirected
729,611,Undirected
729,931,Undirected
729,932,Undirected
611,931,Undirected
611,932,Undirected
931,932,Undirected
836,933,Undirected
836,934,Undirected
836,935,Undirected
933,934,Undirected
933,935,Undirected
934,935,Undirected
280,811,Undirected
280,714,Undirected
280,936,Undirected
811,714,Undirected
811,936,Undirected
714,936,Undirected
937,938,Undirected
937,596,Undirected
938,596,Undirected
939,749,Undirected
939,605,Undirected
939,940,Undirected
749,605,Undirected
749,940,Undirected
605,940,Undirected
335,371,Undirected
335,941,Undirected
335,369,Undirected
371,941,Undirected
371,369,Undirected
941,369,Undirected
943,944,Undirected
943,945,Undirected
944,945,Undirected
50,946,Undirected
50,915,Undirected
50,898,Undirected
946,915,Undirected
946,898,Undirected
915,898,Undirected
71,801,Undirected
71,573,Undirected
71,947,Undirected
801,573,Undirected
801,947,Undirected
573,947,Undirected
948,949,Undirected
948,950,Undirected
948,951,Undirected
949,950,Undirected
949,951,Undirected
950,951,Undirected
948,327,Undirected
948,952,Undirected
948,953,Undirected
327,952,Undirected
327,953,Undirected
952,953,Undirected
954,955,Undirected
954,956,Undirected
954,957,Undirected
955,956,Undirected
955,957,Undirected
956,957,Undirected
575,708,Undirected
575,909,Undirected
575,958,Undirected
708,909,Undirected
708,958,Undirected
909,958,Undirected
785,321,Undirected
785,959,Undirected
785,260,Undirected
321,959,Undirected
321,260,Undirected
959,260,Undirected
960,961,Undirected
960,962,Undirected
960,826,Undirected
961,962,Undirected
961,826,Undirected
962,826,Undirected
355,371,Undirected
355,963,Undirected
355,964,Undirected
371,963,Undirected
371,964,Undirected
963,964,Undirected
965,766,Undirected
965,554,Undirected
965,966,Undirected
766,554,Undirected
766,966,Undirected
554,966,Undirected
610,304,Undirected
610,180,Undirected
610,396,Undirected
610,969,Undirected
610,970,Undirected
304,180,Undirected
304,396,Undirected
304,969,Undirected
304,970,Undirected
180,396,Undirected
180,969,Undirected
180,970,Undirected
396,969,Undirected
396,970,Undirected
969,970,Undirected
971,972,Undirected
971,973,Undirected
971,974,Undirected
972,973,Undirected
972,974,Undirected
973,974,Undirected
975,976,Undirected
975,785,Undirected
975,977,Undirected
976,785,Undirected
976,977,Undirected
785,977,Undirected
260,978,Undirected
260,95,Undirected
260,198,Undirected
978,95,Undirected
978,198,Undirected
95,198,Undirected
979,980,Undirected
979,418,Undirected
979,981,Undirected
980,418,Undirected
980,981,Undirected
418,981,Undirected
982,699,Undirected
982,983,Undirected
982,984,Undirected
699,983,Undirected
699,984,Undirected
983,984,Undirected
249,274,Undirected
249,985,Undirected
249,986,Undirected
274,985,Undirected
274,986,Undirected
985,986,Undirected
987,515,Undirected
987,835,Undirected
987,988,Undirected
515,835,Undirected
515,988,Undirected
835,988,Undirected
989,990,Undirected
989,991,Undirected
989,992,Undirected
990,991,Undirected
990,992,Undirected
991,992,Undirected
133,369,Undirected
133,510,Undirected
133,744,Undirected
369,510,Undirected
369,744,Undirected
510,744,Undirected
823,64,Undirected
823,529,Undirected
823,993,Undirected
64,529,Undirected
64,993,Undirected
529,993,Undirected
784,994,Undirected
784,995,Undirected
784,996,Undirected
994,995,Undirected
994,996,Undirected
995,996,Undirected
997,503,Undirected
997,928,Undirected
997,591,Undirected
503,928,Undirected
503,591,Undirected
928,591,Undirected
900,573,Undirected
900,998,Undirected
900,999,Undirected
573,998,Undirected
573,999,Undirected
998,999,Undirected
1000,1001,Undirected
1000,249,Undirected
1000,753,Undirected
1001,249,Undirected
1001,753,Undirected
249,753,Undirected
1002,267,Undirected
1002,688,Undirected
1002,291,Undirected
267,688,Undirected
267,291,Undirected
688,291,Undirected
369,544,Undirected
369,1003,Undirected
369,1004,Undirected
544,1003,Undirected
544,1004,Undirected
1003,1004,Undirected
33,1005,Undirected
33,1006,Undirected
33,1007,Undirected
1005,1006,Undirected
1005,1007,Undirected
1006,1007,Undirected
443,1008,Undirected
443,223,Undirected
443,926,Undirected
1008,223,Undirected
1008,926,Undirected
223,926,Undirected
165,1009,Undirected
165,1010,Undirected
165,1011,Undirected
1009,1010,Undirected
1009,1011,Undirected
1010,1011,Undirected
429,275,Undirected
429,430,Undirected
429,1012,Undirected
275,430,Undirected
275,1012,Undirected
430,1012,Undirected
161,25,Undirected
161,335,Undirected
161,1013,Undirected
25,335,Undirected
25,1013,Undirected
335,1013,Undirected
768,769,Undirected
768,1014,Undirected
768,771,Undirected
769,1014,Undirected
769,771,Undirected
1014,771,Undirected
793,321,Undirected
793,1015,Undirected
793,444,Undirected
321,1015,Undirected
321,444,Undirected
1015,444,Undirected
1016,1017,Undirected
1016,537,Undirected
1016,49,Undirected
1017,537,Undirected
1017,49,Undirected
537,49,Undirected
1018,1019,Undirected
1018,1020,Undirected
1018,1021,Undirected
1019,1020,Undirected
1019,1021,Undirected
1020,1021,Undirected
672,1022,Undirected
672,1023,Undirected
672,1015,Undirected
1022,1023,Undirected
1022,1015,Undirected
1023,1015,Undirected
261,1024,Undirected
261,1025,Undirected
261,1026,Undirected
1024,1025,Undirected
1024,1026,Undirected
1025,1026,Undirected
430,1027,Undirected
430,281,Undirected
430,427,Undirected
1027,281,Undirected
1027,427,Undirected
281,427,Undirected
629,939,Undirected
629,1028,Undirected
629,377,Undirected
629,1030,Undirected
629,671,Undirected
629,624,Undirected
939,1028,Undirected
939,377,Undirected
939,1030,Undirected
939,671,Undirected
939,624,Undirected
1028,377,Undirected
1028,1030,Undirected
1028,671,Undirected
1028,624,Undirected
377,1030,Undirected
377,671,Undirected
377,624,Undirected
1030,671,Undirected
1030,624,Undirected
671,624,Undirected
608,1031,Undirected
608,168,Undirected
608,1032,Undirected
1031,168,Undirected
1031,1032,Undirected
168,1032,Undirected
612,206,Undirected
612,1033,Undirected
612,1034,Undirected
206,1033,Undirected
206,1034,Undirected
1033,1034,Undirected
938,1035,Undirected
938,1036,Undirected
938,1037,Undirected
1035,1036,Undirected
1035,1037,Undirected
1036,1037,Undirected
886,1038,Undirected
886,1039,Undirected
886,1040,Undirected
1038,1039,Undirected
1038,1040,Undirected
1039,1040,Undirected
1041,1042,Undirected
1041,911,Undirected
1041,1043,Undirected
1042,911,Undirected
1042,1043,Undirected
911,1043,Undirected
1044,986,Undirected
1044,1045,Undirected
1044,547,Undirected
986,1045,Undirected
986,547,Undirected
1045,547,Undirected
249,736,Undirected
249,1046,Undirected
249,1047,Undirected
736,1046,Undirected
736,1047,Undirected
1046,1047,Undirected
133,1048,Undirected
133,1049,Undirected
133,1050,Undirected
1048,1049,Undirected
1048,1050,Undirected
1049,1050,Undirected
608,703,Undirected
608,843,Undirected
608,1051,Undirected
703,843,Undirected
703,1051,Undirected
843,1051,Undirected
661,378,Undirected
661,502,Undirected
661,1052,Undirected
378,502,Undirected
378,1052,Undirected
502,1052,Undirected
319,572,Undirected
319,573,Undirected
319,574,Undirected
572,573,Undirected
572,574,Undirected
573,574,Undirected
317,330,Undirected
317,610,Undirected
317,1053,Undirected
330,610,Undirected
330,1053,Undirected
610,1053,Undirected
253,254,Undirected
253,1054,Undirected
253,1055,Undirected
254,1054,Undirected
254,1055,Undirected
1054,1055,Undirected
632,1056,Undirected
632,1057,Undirected
632,1058,Undirected
1056,1057,Undirected
1056,1058,Undirected
1057,1058,Undirected
997,1059,Undirected
997,396,Undirected
997,1060,Undirected
1059,396,Undirected
1059,1060,Undirected
396,1060,Undirected
898,914,Undirected
898,842,Undirected
898,1061,Undirected
914,842,Undirected
914,1061,Undirected
842,1061,Undirected
777,71,Undirected
777,778,Undirected
777,355,Undirected
71,778,Undirected
71,355,Undirected
778,355,Undirected
706,377,Undirected
706,221,Undirected
706,1062,Undirected
377,221,Undirected
377,1062,Undirected
221,1062,Undirected
426,1063,Undirected
426,1064,Undirected
426,1065,Undirected
1063,1064,Undirected
1063,1065,Undirected
1064,1065,Undirected
886,370,Undirected
886,1066,Undirected
886,1024,Undirected
370,1066,Undirected
370,1024,Undirected
1066,1024,Undirected
167,622,Undirected
167,897,Undirected
167,83,Undirected
622,897,Undirected
622,83,Undirected
897,83,Undirected
931,548,Undirected
931,129,Undirected
931,834,Undirected
548,129,Undirected
548,834,Undirected
129,834,Undirected
1067,1068,Undirected
1067,278,Undirected
1067,1069,Undirected
1068,278,Undirected
1068,1069,Undirected
278,1069,Undirected
33,158,Undirected
33,1071,Undirected
158,1071,Undirected
728,1072,Undirected
728,744,Undirected
728,621,Undirected
1072,744,Undirected
1072,621,Undirected
744,621,Undirected
101,924,Undirected
101,1073,Undirected
101,1074,Undirected
924,1073,Undirected
924,1074,Undirected
1073,1074,Undirected
622,1075,Undirected
622,664,Undirected
622,1076,Undirected
1075,664,Undirected
1075,1076,Undirected
664,1076,Undirected
504,941,Undirected
504,1077,Undirected
504,608,Undirected
941,1077,Undirected
941,608,Undirected
1077,608,Undirected
630,1078,Undirected
630,533,Undirected
630,798,Undirected
1078,533,Undirected
1078,798,Undirected
533,798,Undirected
1079,317,Undirected
1079,1028,Undirected
1079,1080,Undirected
317,1028,Undirected
317,1080,Undirected
1028,1080,Undirected
395,1081,Undirected
395,1082,Undirected
395,444,Undirected
1081,1082,Undirected
1081,444,Undirected
1082,444,Undirected
1083,1084,Undirected
1083,1085,Undirected
1083,1086,Undirected
1084,1085,Undirected
1084,1086,Undirected
1085,1086,Undirected
511,315,Undirected
511,1087,Undirected
511,1088,Undirected
315,1087,Undirected
315,1088,Undirected
1087,1088,Undirected
632,1089,Undirected
632,598,Undirected
632,1090,Undirected
1089,598,Undirected
1089,1090,Undirected
598,1090,Undirected
430,1091,Undirected
430,759,Undirected
430,1092,Undirected
1091,759,Undirected
1091,1092,Undirected
759,1092,Undirected
1093,319,Undirected
1093,1094,Undirected
1093,1095,Undirected
319,1094,Undirected
319,1095,Undirected
1094,1095,Undirected
371,652,Undirected
371,1096,Undirected
371,1097,Undirected
652,1096,Undirected
652,1097,Undirected
1096,1097,Undirected
586,1098,Undirected
586,1099,Undirected
586,1100,Undirected
1098,1099,Undirected
1098,1100,Undirected
1099,1100,Undirected
71,613,Undirected
71,578,Undirected
71,1101,Undirected
613,578,Undirected
613,1101,Undirected
578,1101,Undirected
1102,1103,Undirected
1102,642,Undirected
1102,1104,Undirected
1103,642,Undirected
1103,1104,Undirected
642,1104,Undirected
1105,940,Undirected
1105,651,Undirected
1105,1106,Undirected
940,651,Undirected
940,1106,Undirected
651,1106,Undirected
399,1037,Undirected
399,1107,Undirected
399,1108,Undirected
1037,1107,Undirected
1037,1108,Undirected
1107,1108,Undirected
777,698,Undirected
777,477,Undirected
777,1109,Undirected
698,477,Undirected
698,1109,Undirected
477,1109,Undirected
1110,260,Undirected
1110,585,Undirected
1110,664,Undirected
260,585,Undirected
260,664,Undirected
585,664,Undirected
629,1111,Undirected
629,82,Undirected
629,1112,Undirected
1111,82,Undirected
1111,1112,Undirected
82,1112,Undirected
1113,280,Undirected
1113,754,Undirected
1113,415,Undirected
1113,857,Undirected
1113,429,Undirected
1113,979,Undirected
280,754,Undirected
280,415,Undirected
280,857,Undirected
280,429,Undirected
280,979,Undirected
754,415,Undirected
754,857,Undirected
754,429,Undirected
754,979,Undirected
415,857,Undirected
415,429,Undirected
415,979,Undirected
857,429,Undirected
857,979,Undirected
429,979,Undirected
869,1114,Undirected
869,1115,Undirected
869,1116,Undirected
1114,1115,Undirected
1114,1116,Undirected
1115,1116,Undirected
1059,1117,Undirected
1059,685,Undirected
1059,1118,Undirected
1117,685,Undirected
1117,1118,Undirected
685,1118,Undirected
1113,313,Undirected
1113,237,Undirected
1113,1036,Undirected
313,237,Undirected
313,1036,Undirected
237,1036,Undirected
997,1032,Undirected
997,687,Undirected
1032,687,Undirected
1119,1120,Undirected
1119,252,Undirected
1119,1121,Undirected
1120,252,Undirected
1120,1121,Undirected
252,1121,Undirected
892,1101,Undirected
892,1122,Undirected
892,635,Undirected
1101,1122,Undirected
1101,635,Undirected
1122,635,Undirected
161,765,Undirected
161,439,Undirected
161,498,Undirected
765,439,Undirected
765,498,Undirected
439,498,Undirected
674,765,Undirected
674,1123,Undirected
674,1124,Undirected
765,1123,Undirected
765,1124,Undirected
1123,1124,Undirected
683,1125,Undirected
683,504,Undirected
683,977,Undirected
1125,504,Undirected
1125,977,Undirected
504,977,Undirected
505,675,Undirected
505,1126,Undirected
505,134,Undirected
675,1126,Undirected
675,134,Undirected
1126,134,Undirected
1127,1128,Undirected
1127,845,Undirected
1127,1129,Undirected
1128,845,Undirected
1128,1129,Undirected
845,1129,Undirected
1052,900,Undirected
1052,329,Undirected
1052,1130,Undirected
900,329,Undirected
900,1130,Undirected
329,1130,Undirected
685,1131,Undirected
685,415,Undirected
685,429,Undirected
685,1133,Undirected
685,1134,Undirected
1131,415,Undirected
1131,429,Undirected
1131,1133,Undirected
1131,1134,Undirected
415,429,Undirected
415,1133,Undirected
415,1134,Undirected
429,1133,Undirected
429,1134,Undirected
1133,1134,Undirected
754,479,Undirected
754,1136,Undirected
479,1136,Undirected
987,1137,Undirected
987,241,Undirected
987,825,Undirected
987,1072,Undirected
987,997,Undirected
987,519,Undirected
1137,241,Undirected
1137,825,Undirected
1137,1072,Undirected
1137,997,Undirected
1137,519,Undirected
241,825,Undirected
241,1072,Undirected
241,997,Undirected
241,519,Undirected
825,1072,Undirected
825,997,Undirected
825,519,Undirected
1072,997,Undirected
1072,519,Undirected
997,519,Undirected
744,533,Undirected
744,1138,Undirected
744,1139,Undirected
533,1138,Undirected
533,1139,Undirected
1138,1139,Undirected
1140,1141,Undirected
1140,1142,Undirected
1140,1143,Undirected
1141,1142,Undirected
1141,1143,Undirected
1142,1143,Undirected
250,1031,Undirected
250,1144,Undirected
250,1145,Undirected
1031,1144,Undirected
1031,1145,Undirected
1144,1145,Undirected
719,1146,Undirected
719,1147,Undirected
719,1148,Undirected
1146,1147,Undirected
1146,1148,Undirected
1147,1148,Undirected
1149,280,Undirected
1149,1151,Undirected
1149,1152,Undirected
1149,1153,Undirected
1149,1154,Undirected
280,1151,Undirected
280,1152,Undirected
280,1153,Undirected
280,1154,Undirected
1151,1152,Undirected
1151,1153,Undirected
1151,1154,Undirected
1152,1153,Undirected
1152,1154,Undirected
1153,1154,Undirected
546,376,Undirected
546,734,Undirected
546,130,Undirected
376,734,Undirected
376,130,Undirected
734,130,Undirected
745,1025,Undirected
745,1155,Undirected
745,1156,Undirected
1025,1155,Undirected
1025,1156,Undirected
1155,1156,Undirected
429,1098,Undirected
429,1157,Undirected
429,1158,Undirected
1098,1157,Undirected
1098,1158,Undirected
1157,1158,Undirected
536,1098,Undirected
536,68,Undirected
536,1159,Undirected
1098,68,Undirected
1098,1159,Undirected
68,1159,Undirected
1160,1161,Undirected
1160,444,Undirected
1160,1124,Undirected
1161,444,Undirected
1161,1124,Undirected
444,1124,Undirected
469,536,Undirected
469,1162,Undirected
469,1163,Undirected
536,1162,Undirected
536,1163,Undirected
1162,1163,Undirected
768,1014,Undirected
768,769,Undirected
768,770,Undirected
1014,769,Undirected
1014,770,Undirected
769,770,Undirected
1093,670,Undirected
1093,1164,Undirected
1093,1165,Undirected
670,1164,Undirected
670,1165,Undirected
1164,1165,Undirected
683,885,Undirected
683,1072,Undirected
683,1166,Undirected
885,1072,Undirected
885,1166,Undirected
1072,1166,Undirected
706,237,Undirected
706,1167,Undirected
706,150,Undirected
237,1167,Undirected
237,150,Undirected
1167,150,Undirected
116,1015,Undirected
116,793,Undirected
116,1168,Undirected
1015,793,Undirected
1015,1168,Undirected
793,1168,Undirected
1169,1170,Undirected
1169,1171,Undirected
1169,1172,Undirected
1170,1171,Undirected
1170,1172,Undirected
1171,1172,Undirected
683,379,Undirected
683,331,Undirected
683,1022,Undirected
379,331,Undirected
379,1022,Undirected
331,1022,Undirected
481,403,Undirected
481,1173,Undirected
403,1173,Undirected
1174,1175,Undirected
1174,1176,Undirected
1174,1177,Undirected
1175,1176,Undirected
1175,1177,Undirected
1176,1177,Undirected
71,624,Undirected
71,1178,Undirected
624,1178,Undirected
965,660,Undirected
965,1179,Undirected
965,938,Undirected
660,1179,Undirected
660,938,Undirected
1179,938,Undirected
787,1180,Undirected
787,405,Undirected
787,1156,Undirected
1180,405,Undirected
1180,1156,Undirected
405,1156,Undirected
423,424,Undirected
423,885,Undirected
423,547,Undirected
424,885,Undirected
424,547,Undirected
885,547,Undirected
1181,802,Undirected
1181,1182,Undirected
802,1182,Undirected
1161,1183,Undirected
1161,1184,Undirected
1161,1185,Undirected
1183,1184,Undirected
1183,1185,Undirected
1184,1185,Undirected
504,924,Undirected
504,206,Undirected
504,393,Undirected
924,206,Undirected
924,393,Undirected
206,393,Undirected
1186,61,Undirected
1186,274,Undirected
1186,402,Undirected
61,274,Undirected
61,402,Undirected
274,402,Undirected
533,64,Undirected
533,395,Undirected
533,1187,Undirected
64,395,Undirected
64,1187,Undirected
395,1187,Undirected
1188,502,Undirected
1188,114,Undirected
1188,1189,Undirected
502,114,Undirected
502,1189,Undirected
114,1189,Undirected
1031,180,Undirected
1031,947,Undirected
1031,1190,Undirected
180,947,Undirected
180,1190,Undirected
947,1190,Undirected
938,155,Undirected
938,829,Undirected
938,396,Undirected
155,829,Undirected
155,396,Undirected
829,396,Undirected
823,633,Undirected
823,573,Undirected
823,1191,Undirected
633,573,Undirected
633,1191,Undirected
573,1191,Undirected
543,470,Undirected
543,519,Undirected
543,1192,Undirected
470,519,Undirected
470,1192,Undirected
519,1192,Undirected
533,1193,Undirected
533,1194,Undirected
533,1195,Undirected
1193,1194,Undirected
1193,1195,Undirected
1194,1195,Undirected
749,376,Undirected
749,258,Undirected
749,1196,Undirected
376,258,Undirected
376,1196,Undirected
258,1196,Undirected
1197,1198,Undirected
1197,1199,Undirected
1197,1200,Undirected
1198,1199,Undirected
1198,1200,Undirected
1199,1200,Undirected
987,395,Undirected
987,1201,Undirected
987,1202,Undirected
395,1201,Undirected
395,1202,Undirected
1201,1202,Undirected
116,167,Undirected
116,1203,Undirected
116,217,Undirected
167,1203,Undirected
167,217,Undirected
1203,217,Undirected
261,553,Undirected
261,1204,Undirected
261,1205,Undirected
553,1204,Undirected
553,1205,Undirected
1204,1205,Undirected
1206,1207,Undirected
1206,1208,Undirected
1206,811,Undirected
1207,1208,Undirected
1207,811,Undirected
1208,811,Undirected
594,670,Undirected
594,689,Undirected
594,1209,Undirected
670,689,Undirected
670,1209,Undirected
689,1209,Undirected
1210,892,Undirected
1210,1211,Undirected
1210,1212,Undirected
892,1211,Undirected
892,1212,Undirected
1211,1212,Undirected
1213,658,Undirected
1213,784,Undirected
1213,1214,Undirected
658,784,Undirected
658,1214,Undirected
784,1214,Undirected
521,918,Undirected
521,61,Undirected
521,1215,Undirected
918,61,Undirected
918,1215,Undirected
61,1215,Undirected
892,167,Undirected
892,561,Undirected
892,1216,Undirected
167,561,Undirected
167,1216,Undirected
561,1216,Undirected
1217,533,Undirected
1217,1218,Undirected
1217,665,Undirected
533,1218,Undirected
533,665,Undirected
1218,665,Undirected
1160,355,Undirected
1160,1219,Undirected
1160,104,Undirected
355,1219,Undirected
355,104,Undirected
1219,104,Undirected
175,1220,Undirected
175,1221,Undirected
175,1222,Undirected
1220,1221,Undirected
1220,1222,Undirected
1221,1222,Undirected
1223,1224,Undirected
1223,1225,Undirected
1223,1226,Undirected
1224,1225,Undirected
1224,1226,Undirected
1225,1226,Undirected
1178,1227,Undirected
1178,1228,Undirected
1178,264,Undirected
1227,1228,Undirected
1227,264,Undirected
1228,264,Undirected
706,1044,Undirected
706,1229,Undirected
706,837,Undirected
1044,1229,Undirected
1044,837,Undirected
1229,837,Undirected
1113,313,Undirected
1113,237,Undirected
1113,1036,Undirected
313,237,Undirected
313,1036,Undirected
237,1036,Undirected
1131,685,Undirected
1131,68,Undirected
685,68,Undirected
315,1230,Undirected
315,240,Undirected
315,1231,Undirected
1230,240,Undirected
1230,1231,Undirected
240,1231,Undirected
814,1180,Undirected
814,843,Undirected
814,121,Undirected
1180,843,Undirected
1180,121,Undirected
843,121,Undirected
133,1223,Undirected
133,246,Undirected
133,288,Undirected
1223,246,Undirected
1223,288,Undirected
246,288,Undirected
1232,1233,Undirected
1232,1234,Undirected
1232,1235,Undirected
1233,1234,Undirected
1233,1235,Undirected
1234,1235,Undirected
1236,512,Undirected
1236,1237,Undirected
1236,85,Undirected
512,1237,Undirected
512,85,Undirected
1237,85,Undirected
1238,1239,Undirected
1238,1240,Undirected
1238,1049,Undirected
1239,1240,Undirected
1239,1049,Undirected
1240,1049,Undirected
1241,897,Undirected
1241,1242,Undirected
1241,1243,Undirected
897,1242,Undirected
897,1243,Undirected
1242,1243,Undirected
1244,1245,Undirected
1244,1246,Undirected
1244,1247,Undirected
1245,1246,Undirected
1245,1247,Undirected
1246,1247,Undirected
414,900,Undirected
414,800,Undirected
414,1248,Undirected
900,800,Undirected
900,1248,Undirected
800,1248,Undirected
1249,1250,Undirected
1249,1146,Undirected
1249,1251,Undirected
1250,1146,Undirected
1250,1251,Undirected
1146,1251,Undirected
1252,1253,Undirected
1252,1254,Undirected
1252,1255,Undirected
1253,1254,Undirected
1253,1255,Undirected
1254,1255,Undirected
1256,1257,Undirected
1256,1258,Undirected
1256,1259,Undirected
1257,1258,Undirected
1257,1259,Undirected
1258,1259,Undirected
1260,324,Undirected
1260,1261,Undirected
1260,1262,Undirected
324,1261,Undirected
324,1262,Undirected
1261,1262,Undirected
161,1211,Undirected
161,885,Undirected
161,745,Undirected
161,868,Undirected
161,537,Undirected
1211,885,Undirected
1211,745,Undirected
1211,868,Undirected
1211,537,Undirected
885,745,Undirected
885,868,Undirected
885,537,Undirected
745,868,Undirected
745,537,Undirected
868,537,Undirected
499,1264,Undirected
499,1265,Undirected
499,1266,Undirected
1264,1265,Undirected
1264,1266,Undirected
1265,1266,Undirected
242,675,Undirected
242,275,Undirected
242,134,Undirected
675,275,Undirected
675,134,Undirected
275,134,Undirected
414,397,Undirected
414,1267,Undirected
414,1268,Undirected
397,1267,Undirected
397,1268,Undirected
1267,1268,Undirected
766,1041,Undirected
766,1269,Undirected
766,1270,Undirected
1041,1269,Undirected
1041,1270,Undirected
1269,1270,Undirected
355,610,Undirected
355,1140,Undirected
355,612,Undirected
610,1140,Undirected
610,612,Undirected
1140,612,Undirected
960,1271,Undirected
960,1272,Undirected
960,1273,Undirected
1271,1272,Undirected
1271,1273,Undirected
1272,1273,Undirected
403,1274,Undirected
403,1275,Undirected
403,1276,Undirected
1274,1275,Undirected
1274,1276,Undirected
1275,1276,Undirected
904,905,Undirected
904,1277,Undirected
904,906,Undirected
905,1277,Undirected
905,906,Undirected
1277,906,Undirected
1211,805,Undirected
1211,924,Undirected
1211,1278,Undirected
805,924,Undirected
805,1278,Undirected
924,1278,Undirected
561,470,Undirected
561,800,Undirected
561,1279,Undirected
470,800,Undirected
470,1279,Undirected
800,1279,Undirected
234,773,Undirected
234,1129,Undirected
234,1280,Undirected
773,1129,Undirected
773,1280,Undirected
1129,1280,Undirected
161,379,Undirected
161,502,Undirected
161,974,Undirected
379,502,Undirected
379,974,Undirected
502,974,Undirected
887,1281,Undirected
887,1086,Undirected
887,1282,Undirected
1281,1086,Undirected
1281,1282,Undirected
1086,1282,Undirected
1283,101,Undirected
1283,228,Undirected
1283,64,Undirected
101,228,Undirected
101,64,Undirected
228,64,Undirected
465,1284,Undirected
465,925,Undirected
465,1285,Undirected
1284,925,Undirected
1284,1285,Undirected
925,1285,Undirected
65,572,Undirected
65,1286,Undirected
65,611,Undirected
65,896,Undirected
65,773,Undirected
65,800,Undirected
572,1286,Undirected
572,611,Undirected
572,896,Undirected
572,773,Undirected
572,800,Undirected
1286,611,Undirected
1286,896,Undirected
1286,773,Undirected
1286,800,Undirected
611,896,Undirected
611,773,Undirected
611,800,Undirected
896,773,Undirected
896,800,Undirected
773,800,Undirected
330,534,Undirected
330,1190,Undirected
330,1287,Undirected
534,1190,Undirected
534,1287,Undirected
1190,1287,Undirected
204,275,Undirected
204,1288,Undirected
204,39,Undirected
275,1288,Undirected
275,39,Undirected
1288,39,Undirected
511,754,Undirected
511,504,Undirected
511,205,Undirected
754,504,Undirected
754,205,Undirected
504,205,Undirected
535,800,Undirected
535,424,Undirected
535,1289,Undirected
800,424,Undirected
800,1289,Undirected
424,1289,Undirected
527,405,Undirected
527,1290,Undirected
527,1291,Undirected
405,1290,Undirected
405,1291,Undirected
1290,1291,Undirected
1292,549,Undirected
1292,1293,Undirected
1292,1294,Undirected
549,1293,Undirected
549,1294,Undirected
1293,1294,Undirected
1295,1296,Undirected
1295,1297,Undirected
1295,1186,Undirected
1296,1297,Undirected
1296,1186,Undirected
1297,1186,Undirected
1298,611,Undirected
1298,734,Undirected
1298,1299,Undirected
611,734,Undirected
611,1299,Undirected
734,1299,Undirected
1248,704,Undirected
1248,276,Undirected
1248,1300,Undirected
704,276,Undirected
704,1300,Undirected
276,1300,Undirected
469,896,Undirected
469,1301,Undirected
469,1036,Undirected
896,1301,Undirected
896,1036,Undirected
1301,1036,Undirected
1302,521,Undirected
1302,698,Undirected
1302,1303,Undirected
521,698,Undirected
521,1303,Undirected
698,1303,Undirected
632,1304,Undirected
632,1305,Undirected
632,1214,Undirected
1304,1305,Undirected
1304,1214,Undirected
1305,1214,Undirected
1106,304,Undirected
1106,114,Undirected
1106,1306,Undirected
304,114,Undirected
304,1306,Undirected
114,1306,Undirected
1307,1308,Undirected
1307,1309,Undirected
1308,1309,Undirected
1310,596,Undirected
1310,805,Undirected
1310,1311,Undirected
596,805,Undirected
596,1311,Undirected
805,1311,Undirected
724,943,Undirected
724,1312,Undirected
724,1313,Undirected
943,1312,Undirected
943,1313,Undirected
1312,1313,Undirected
1298,735,Undirected
1298,465,Undirected
1298,837,Undirected
735,465,Undirected
735,837,Undirected
465,837,Undirected
757,1314,Undirected
757,405,Undirected
757,1315,Undirected
1314,405,Undirected
1314,1315,Undirected
405,1315,Undirected
240,1316,Undirected
240,1317,Undirected
240,1318,Undirected
1316,1317,Undirected
1316,1318,Undirected
1317,1318,Undirected
1223,1319,Undirected
1223,1320,Undirected
1223,369,Undirected
1319,1320,Undirected
1319,369,Undirected
1320,369,Undirected
116,1015,Undirected
116,1201,Undirected
116,1077,Undirected
1015,1201,Undirected
1015,1077,Undirected
1201,1077,Undirected
578,1321,Undirected
578,649,Undirected
578,727,Undirected
1321,649,Undirected
1321,727,Undirected
649,727,Undirected
610,1322,Undirected
610,1323,Undirected
610,1033,Undirected
1322,1323,Undirected
1322,1033,Undirected
1323,1033,Undirected
71,1324,Undirected
71,49,Undirected
71,658,Undirected
1324,49,Undirected
1324,658,Undirected
49,658,Undirected
652,319,Undirected
652,685,Undirected
652,1325,Undirected
319,685,Undirected
319,1325,Undirected
685,1325,Undirected
1160,915,Undirected
1160,1327,Undirected
915,1327,Undirected
1298,250,Undirected
1298,520,Undirected
1298,548,Undirected
250,520,Undirected
250,548,Undirected
520,548,Undirected
504,56,Undirected
504,533,Undirected
504,81,Undirected
56,533,Undirected
56,81,Undirected
533,81,Undirected
543,223,Undirected
543,1328,Undirected
543,553,Undirected
223,1328,Undirected
223,553,Undirected
1328,553,Undirected
284,947,Undirected
284,554,Undirected
284,721,Undirected
947,554,Undirected
947,721,Undirected
554,721,Undirected
335,941,Undirected
335,371,Undirected
335,1329,Undirected
941,371,Undirected
941,1329,Undirected
371,1329,Undirected
481,726,Undirected
481,1330,Undirected
481,1331,Undirected
726,1330,Undirected
726,1331,Undirected
1330,1331,Undirected
904,1038,Undirected
904,1332,Undirected
904,792,Undirected
1038,1332,Undirected
1038,792,Undirected
1332,792,Undirected
634,635,Undirected
634,368,Undirected
634,1101,Undirected
635,368,Undirected
635,1101,Undirected
368,1101,Undirected
511,564,Undirected
511,1333,Undirected
511,1334,Undirected
564,1333,Undirected
564,1334,Undirected
1333,1334,Undirected
757,980,Undirected
757,1335,Undirected
757,1336,Undirected
980,1335,Undirected
980,1336,Undirected
1335,1336,Undirected
891,1337,Undirected
891,765,Undirected
891,1338,Undirected
1337,765,Undirected
1337,1338,Undirected
765,1338,Undirected
518,915,Undirected
518,1339,Undirected
518,1340,Undirected
915,1339,Undirected
915,1340,Undirected
1339,1340,Undirected
1341,948,Undirected
1341,1268,Undirected
1341,1342,Undirected
948,1268,Undirected
948,1342,Undirected
1268,1342,Undirected
601,376,Undirected
601,353,Undirected
601,1343,Undirected
376,353,Undirected
376,1343,Undirected
353,1343,Undirected
441,260,Undirected
441,1344,Undirected
441,337,Undirected
260,1344,Undirected
260,337,Undirected
1344,337,Undirected
1345,1346,Undirected
1345,1347,Undirected
1345,938,Undirected
1345,355,Undirected
1345,1349,Undirected
1345,1350,Undirected
1346,1347,Undirected
1346,938,Undirected
1346,355,Undirected
1346,1349,Undirected
1346,1350,Undirected
1347,938,Undirected
1347,355,Undirected
1347,1349,Undirected
1347,1350,Undirected
938,355,Undirected
938,1349,Undirected
938,1350,Undirected
355,1349,Undirected
355,1350,Undirected
1349,1350,Undirected
886,1302,Undirected
886,683,Undirected
886,1351,Undirected
1302,683,Undirected
1302,1351,Undirected
683,1351,Undirected
1352,1353,Undirected
1352,1354,Undirected
1352,1355,Undirected
1353,1354,Undirected
1353,1355,Undirected
1354,1355,Undirected
285,1356,Undirected
285,1357,Undirected
285,1358,Undirected
1356,1357,Undirected
1356,1358,Undirected
1357,1358,Undirected
546,1359,Undirected
546,1360,Undirected
546,1361,Undirected
1359,1360,Undirected
1359,1361,Undirected
1360,1361,Undirected
129,1197,Undirected
129,261,Undirected
129,25,Undirected
1197,261,Undirected
1197,25,Undirected
261,25,Undirected
1113,735,Undirected
1113,1170,Undirected
1113,976,Undirected
735,1170,Undirected
735,976,Undirected
1170,976,Undirected
1161,718,Undirected
1161,1171,Undirected
1161,437,Undirected
718,1171,Undirected
718,437,Undirected
1171,437,Undirected
735,403,Undirected
735,1288,Undirected
735,1219,Undirected
403,1288,Undirected
403,1219,Undirected
1288,1219,Undirected
1362,460,Undirected
1362,773,Undirected
1362,914,Undirected
460,773,Undirected
460,914,Undirected
773,914,Undirected
931,262,Undirected
931,1363,Undirected
931,1364,Undirected
262,1363,Undirected
262,1364,Undirected
1363,1364,Undirected
284,443,Undirected
284,414,Undirected
284,477,Undirected
443,414,Undirected
443,477,Undirected
414,477,Undirected
522,1109,Undirected
522,1365,Undirected
522,941,Undirected
1109,1365,Undirected
1109,941,Undirected
1365,941,Undirected
504,679,Undirected
504,613,Undirected
504,947,Undirected
679,613,Undirected
679,947,Undirected
613,947,Undirected
113,893,Undirected
113,1366,Undirected
113,1367,Undirected
893,1366,Undirected
893,1367,Undirected
1366,1367,Undirected
524,470,Undirected
524,921,Undirected
524,778,Undirected
470,921,Undirected
470,778,Undirected
921,778,Undirected
284,414,Undirected
284,477,Undirected
284,371,Undirected
284,369,Undirected
284,399,Undirected
284,709,Undirected
414,477,Undirected
414,371,Undirected
414,369,Undirected
414,399,Undirected
414,709,Undirected
477,371,Undirected
477,369,Undirected
477,399,Undirected
477,709,Undirected
371,369,Undirected
371,399,Undirected
371,709,Undirected
369,399,Undirected
369,709,Undirected
399,709,Undirected
1368,546,Undirected
1368,982,Undirected
1368,1369,Undirected
546,982,Undirected
546,1369,Undirected
982,1369,Undirected
823,766,Undirected
823,504,Undirected
823,1370,Undirected
766,504,Undirected
766,1370,Undirected
504,1370,Undirected
1131,1371,Undirected
1131,546,Undirected
1371,546,Undirected
601,573,Undirected
601,961,Undirected
601,1025,Undirected
573,961,Undirected
573,1025,Undirected
961,1025,Undirected
1372,1373,Undirected
1372,86,Undirected
1372,326,Undirected
1373,86,Undirected
1373,326,Undirected
86,326,Undirected
251,331,Undirected
251,845,Undirected
251,721,Undirected
331,845,Undirected
331,721,Undirected
845,721,Undirected
1374,284,Undirected
1374,21,Undirected
1374,1375,Undirected
284,21,Undirected
284,1375,Undirected
21,1375,Undirected
757,68,Undirected
757,1016,Undirected
757,1376,Undirected
68,1016,Undirected
68,1376,Undirected
1016,1376,Undirected
1162,842,Undirected
1162,1377,Undirected
1162,1217,Undirected
842,1377,Undirected
842,1217,Undirected
1377,1217,Undirected
1186,61,Undirected
1186,1378,Undirected
1186,772,Undirected
61,1378,Undirected
61,772,Undirected
1378,772,Undirected
1302,1307,Undirected
1302,1379,Undirected
1302,908,Undirected
1307,1379,Undirected
1307,908,Undirected
1379,908,Undirected
1366,661,Undirected
1366,1166,Undirected
1366,1380,Undirected
661,1166,Undirected
661,1380,Undirected
1166,1380,Undirected
1160,101,Undirected
1160,1381,Undirected
1160,1382,Undirected
101,1381,Undirected
101,1382,Undirected
1381,1382,Undirected
981,1064,Undirected
981,1134,Undirected
981,418,Undirected
1064,1134,Undirected
1064,418,Undirected
1134,418,Undirected
1383,1384,Undirected
1383,1196,Undirected
1383,986,Undirected
1384,1196,Undirected
1384,986,Undirected
1196,986,Undirected
1298,460,Undirected
1298,1385,Undirected
1298,1386,Undirected
460,1385,Undirected
460,1386,Undirected
1385,1386,Undirected
601,549,Undirected
601,1077,Undirected
601,1387,Undirected
549,1077,Undirected
549,1387,Undirected
1077,1387,Undirected
228,1388,Undirected
228,1389,Undirected
228,1390,Undirected
1388,1389,Undirected
1388,1390,Undirected
1389,1390,Undirected
1391,1392,Undirected
1391,1393,Undirected
1391,1394,Undirected
1392,1393,Undirected
1392,1394,Undirected
1393,1394,Undirected
429,1093,Undirected
429,831,Undirected
429,281,Undirected
1093,831,Undirected
1093,281,Undirected
831,281,Undirected
469,71,Undirected
469,1395,Undirected
469,986,Undirected
71,1395,Undirected
71,986,Undirected
1395,986,Undirected
429,415,Undirected
429,1168,Undirected
429,413,Undirected
415,1168,Undirected
415,413,Undirected
1168,413,Undirected
167,250,Undirected
167,737,Undirected
167,1396,Undirected
250,737,Undirected
250,1396,Undirected
737,1396,Undirected
640,1397,Undirected
640,429,Undirected
640,1398,Undirected
1397,429,Undirected
1397,1398,Undirected
429,1398,Undirected
640,1397,Undirected
640,1123,Undirected
640,549,Undirected
1397,1123,Undirected
1397,549,Undirected
1123,549,Undirected
1399,397,Undirected
1399,1400,Undirected
1399,1401,Undirected
397,1400,Undirected
397,1401,Undirected
1400,1401,Undirected
801,1402,Undirected
801,1057,Undirected
801,1403,Undirected
1402,1057,Undirected
1402,1403,Undirected
1057,1403,Undirected
355,1248,Undirected
355,1144,Undirected
355,1404,Undirected
1248,1144,Undirected
1248,1404,Undirected
1144,1404,Undirected
1210,275,Undirected
1210,1405,Undirected
1210,1406,Undirected
275,1405,Undirected
275,1406,Undirected
1405,1406,Undirected
633,734,Undirected
633,1022,Undirected
633,1407,Undirected
734,1022,Undirected
734,1407,Undirected
1022,1407,Undirected
1408,478,Undirected
1408,1034,Undirected
1408,1409,Undirected
478,1034,Undirected
478,1409,Undirected
1034,1409,Undirected
1410,1022,Undirected
1410,553,Undirected
1410,277,Undirected
1410,1411,Undirected
1410,1412,Undirected
1410,1413,Undirected
1022,553,Undirected
1022,277,Undirected
1022,1411,Undirected
1022,1412,Undirected
1022,1413,Undirected
553,277,Undirected
553,1411,Undirected
553,1412,Undirected
553,1413,Undirected
277,1411,Undirected
277,1412,Undirected
277,1413,Undirected
1411,1412,Undirected
1411,1413,Undirected
1412,1413,Undirected