"Chris Pratt, Vin Diesel, Bradley Cooper, Zoe Saldana"
"Noomi Rapace, Logan Marshall-Green, Michael Fassbender, Charlize Theron"
"James McAvoy, Anya Taylor-Joy, Haley Lu Richardson, Jessica Sula"
"Matthew McConaughey,Reese Witherspoon, Seth MacFarlane, Scarlett Johansson"
"Will Smith, Jared Leto, Margot Robbie, Viola Davis"
"Matt Damon, Tian Jing, Willem Dafoe, Andy Lau"
"Ryan Gosling, Emma Stone, Rosemarie DeWitt, J.K. Simmons"
"Essie Davis, Andrea Riseborough, Julian Barratt,Kenneth Branagh"
"Charlie Hunnam, Robert Pattinson, Sienna Miller, Tom Holland"
"Jennifer Lawrence, Chris Pratt, Michael Sheen,Laurence Fishburne"
"Eddie Redmayne, Katherine Waterston, Alison Sudol,Dan Fogler"
"Taraji P. Henson, Octavia Spencer, Janelle Moníçe,Kevin Costner"
"Felicity Jones, Diego Luna, Alan Tudyk, Donnie Yen"
"Auli'i Cravalho, Dwayne Johnson, Rachel House, Temuera Morrison"
"Anne Hathaway, Jason Sudeikis, Austin Stowell,Tim Blake Nelson"
"Louis C.K., Eric Stonestreet, Kevin Hart, Lake Bell"
"Andrew Garfield, Sam Worthington, Luke Bracey,Teresa Palmer"
"Matt Damon, Tommy Lee Jones, Alicia Vikander,Vincent Cassel"
"Dev Patel, Nicole Kidman, Rooney Mara, Sunny Pawar"
"Amy Adams, Jeremy Renner, Forest Whitaker,Michael Stuhlbarg"
"Matthew McConaughey, Edgar Ramí_rez, Bryce Dallas Howard, Corey Stoll"
"Casey Affleck, Michelle Williams, Kyle Chandler,Lucas Hedges"
"Emma Booth, Ashleigh Cummings, Stephen Curry,Susie Porter"
"Anna Kendrick, Justin Timberlake,Zooey Deschanel, Christopher Mintz-Plasse"
"Liam Hemsworth, Jeff Goldblum, Bill Pullman,Maika Monroe"
"Fiona Gordon, Dominique Abel,Emmanuelle Riva, Pierre Richard"
"Prabhas, Rana Daggubati, Anushka Shetty,Tamannaah Bhatia"
"Jocelin Donahue, Jesse Bradford, Jesse Borrego,Lori Petty"
"Mila Kunis, Kathryn Hahn, Kristen Bell,Christina Applegate"
"Michael Fassbender, Marion Cotillard, Jeremy Irons,Brendan Gleeson"
"Zoey Deutch, James Franco, Tangie Ambrose,Cedric the Entertainer"
"Amy Adams, Jake Gyllenhaal, Michael Shannon, Aaron Taylor-Johnson"
"James McAvoy, Michael Fassbender, Jennifer Lawrence, Nicholas Hoult"
"Ryan Reynolds, Morena Baccarin, T.J. Miller, Ed Skrein"
"Milla Jovovich, Iain Glen, Ali Larter, Shawn Roberts"
"Chris Evans, Robert Downey Jr.,Scarlett Johansson, Sebastian Stan"
"Matthew McConaughey, Anne Hathaway, Jessica Chastain, Mackenzie Foy"
"Benedict Cumberbatch, Chiwetel Ejiofor, Rachel McAdams, Benedict Wong"
"Denzel Washington, Chris Pratt, Ethan Hawke,Vincent D'Onofrio"
"John Francis Daley, Austin Pendleton, Colleen Camp, Neil Flynn"
"Seth Rogen, Kristen Wiig, Jonah Hill, Alistair Abell"
"Mahershala Ali, Shariff Earp, Duan Sanderson, Alex R. Hibbert"
"Brittany Blanton, Ayse Howard, Roman Jossart,Nadia White"
"Michael Keaton, Nick Offerman, John Carroll Lynch, Linda Cardellini"
"Gabriel Chavarria, Demiíçn Bichir, Theo Rossi,Tony Revolori"
"Johnny Depp, Pení©lope Cruz, Ian McShane, Geoffrey Rush"
"Jessica Chastain, Mark Strong, Gugu Mbatha-Raw,Michael Stuhlbarg"
"Hermione Corfield, Addison Timlin, Joely Richardson,Jeremy Irvine"
"Chris Pine, Zachary Quinto, Karl Urban, Zoe Saldana"
"Charlize Theron, Javier Bardem, AdíÂle Exarchopoulos,Jared Harris"
"Daisy Ridley, John Boyega, Oscar Isaac, Domhnall Gleeson"
"Kate Beckinsale, Theo James, Tobias Menzies, Lara Pulver"
"Jennifer Aniston, Kate Hudson, Julia Roberts, Jason Sudeikis"
"Keanu Reeves, Michael Nyqvist, Alfie Allen, Willem Dafoe"
"Christian Bale, Heath Ledger, Aaron Eckhart,Michael Caine"
"Andrew Garfield, Adam Driver, Liam Neeson,Tadanobu Asano"
"Stephen Lang, Jane Levy, Dylan Minnette, Daniel Zovatto"
"Emilia Clarke, Sam Claflin, Janet McTeer, Charles Dance"
"Gemma Arterton, Sam Claflin, Bill Nighy, Jack Huston"
"Tom Hanks, Aaron Eckhart, Laura Linney, Valerie Mahaffey"
"Ben Affleck, Henry Cavill, Amy Adams, Jesse Eisenberg"
"Brian Cox, Emile Hirsch, Ophelia Lovibond, Michael McElhatton"
"Emily Blunt, Haley Bennett, Rebecca Ferguson, Justin Theroux"
"Dakota Johnson, Jamie Dornan, Jennifer Ehle,Eloise Mumford"
"Christian Bale, Hugh Jackman, Scarlett Johansson, Michael Caine"
"Colin Firth, Taron Egerton, Samuel L. Jackson,Michael Caine"
"Mark Wahlberg, Michelle Monaghan, J.K. Simmons, John Goodman"
"Tom Hardy, Charlize Theron, Nicholas Hoult, Zoí‚ Kravitz"
"Bryan Cranston, Jennifer Garner, Beverly D'Angelo,Jason O'Mara"
"Mark Wahlberg, Kurt Russell, Douglas M. Griffin, James DuMont"
"Oscar Isaac, Charlotte Le Bon, Christian Bale, Daniel Gimí©nez Cacho"
"Brad Pitt, Marion Cotillard, Jared Harris, Vincent Ebrahim"
"Lewis MacDougall, Sigourney Weaver, Felicity Jones,Toby Kebbell"
"Will Smith, Edward Norton, Kate Winslet, Michael Peí±a"
"Ginnifer Goodwin, Jason Bateman, Idris Elba, Jenny Slate"
"Johnny Depp, Orlando Bloom, Keira Knightley,Geoffrey Rush"
"Robert Downey Jr., Chris Evans, Scarlett Johansson,Jeremy Renner"
"Brad Pitt, Diane Kruger, Eli Roth,Mí©lanie Laurent"
"Johnny Depp, Orlando Bloom, Keira Knightley, Jack Davenport"
"Melissa McCarthy, Kristen Wiig, Kate McKinnon, Leslie Jones"
"Leonardo DiCaprio, Joseph Gordon-Levitt, Ellen Page, Ken Watanabe"
"Viggo Mortensen, George MacKay, Samantha Isler,Annalise Basso"
"Leonardo DiCaprio, Jonah Hill, Margot Robbie,Matthew McConaughey"
"Ben Affleck, Rosamund Pike, Neil Patrick Harris,Tyler Perry"
"Vin Diesel, Paul Walker, Dwayne Johnson, Jason Statham"
"Chris Pratt, Bryce Dallas Howard, Ty Simpkins,Judy Greer"
"Ben Affleck, Elle Fanning, Brendan Gleeson, Chris Messina"
"Sam Worthington, Zoe Saldana, Sigourney Weaver, Michelle Rodriguez"
"Samuel L. Jackson, Kurt Russell, Jennifer Jason Leigh, Walton Goggins"
"Ben Affleck, Anna Kendrick, J.K. Simmons, Jon Bernthal"
"Hugh Jackman, Jake Gyllenhaal, Viola Davis,Melissa Leo"
"Travis Fimmel, Paula Patton, Ben Foster, Dominic Cooper"
"Emma Stone, Viola Davis, Octavia Spencer, Bryce Dallas Howard"
"Jonah Hill, Miles Teller, Steve Lantz, Gregg Weiner"
"Robert Downey Jr., Chris Evans, Mark Ruffalo, Chris Hemsworth"
"Russell Crowe, Ryan Gosling, Angourie Rice, Matt Bomer"
"Ryíénosuke Kamiki, Mone Kamishiraishi, RyíÇ Narita, Aoi Yuki"
"Aaron Poole, Kenneth Welsh,Daniel Fathers, Kathleen Munroe"
"Kristen Stewart, Lars Eidinger, Sigrid Bouaziz,Anders Danielsen Lie"
"Leonardo DiCaprio, Matt Damon, Jack Nicholson, Mark Wahlberg"
"Tom Hardy, Emily Browning, Taron Egerton, Paul Anderson"
"Chris Hemsworth, Anthony Hopkins, Natalie Portman, Tom Hiddleston"
"Matt Damon, Jessica Chastain, Kristen Wiig, Kate Mara"
"Mario Casas, Ana Wagener, Josí© Coronado, Bíçrbara Lennie"
"Henry Cavill, Armie Hammer, Alicia Vikander, Elizabeth Debicki"
"Chris Pine, Ben Foster, Jeff Bridges, Gil Birmingham"
"Robert De Niro, Leslie Mann, Danny DeVito, Edie Falco"
"Alexander Skarsgí«rd, Rory J. Saper, Christian Stevens, Christoph Waltz"
"Eve Lindley, Richard Kind, Mark Consuelos, Katherine Reis"
"Alicia Vikander, Domhnall Gleeson, Oscar Isaac,Sonoya Mizuno"
"John Gallagher Jr., Tony Goldwyn, Adria Arjona, John C. McGinley"
"Chiwetel Ejiofor, Michael Kenneth Williams, Michael Fassbender, Brad Pitt"
"Keanu Reeves, Jason Momoa, Jim Carrey, Diego Luna"
"Gerard Butler, Lena Headey, David Wenham, Dominic West"
"Daniel Radcliffe, Emma Watson, Rupert Grint, Michael Gambon"
"Jason Bateman, Olivia Munn, T.J. Miller,Jennifer Aniston"
"Elle Fanning, Christina Hendricks, Keanu Reeves, Karl Glusman"
"Aamir Khan, Sakshi Tanwar, Fatima Sana Shaikh,Sanya Malhotra"
"John Goodman, Mary Elizabeth Winstead, John Gallagher Jr., Douglas M. Griffin"
"Ellen DeGeneres, Albert Brooks,Ed O'Neill, Kaitlin Olson"
"Eva Green, Asa Butterfield, Samuel L. Jackson, Judi Dench"
"Shailene Woodley, Theo James, Kate Winslet, Jai Courtney"
"Zac Efron, Adam Devine, Anna Kendrick, Aubrey Plaza"
"Scott Adkins, Teodora Duhovnikova, Alon Aboutboul, Julian Vergov"
"Christian Bale, Tom Hardy, Anne Hathaway,Gary Oldman"
"Neel Sethi, Bill Murray, Ben Kingsley, Idris Elba"
"Mark Wahlberg, Nicola Peltz, Jack Reynor, Stanley Tucci"
"Emma Roberts, Dave Franco, Emily Meade, Miles Heizer"
"Meryl Streep, Pierce Brosnan, Amanda Seyfried,Stellan Skarsgí«rd"
"Leonardo DiCaprio, Tom Hardy, Will Poulter, Domhnall Gleeson"
"Denzel Washington, Viola Davis, Stephen Henderson, Jovan Adepo"
"Anna Kendrick, Meryl Streep, Chris Pine, Emily Blunt"
"Blake Lively, íñscar Jaenada, Angelo Josue Lozano Corzo, Brett Cullen"
"Miles Teller, J.K. Simmons, Melissa Benoist, Paul Reiser"
"Vin Diesel, Paul Walker, Dwayne Johnson, Michelle Rodriguez"
"Ryan Gosling, Bradley Cooper, Eva Mendes,Craig Van Hook"
"Tommy Lee Jones, Javier Bardem, Josh Brolin, Woody Harrelson"
"Leonardo DiCaprio, Carey Mulligan, Joel Edgerton,Tobey Maguire"
"Leonardo DiCaprio, Emily Mortimer, Mark Ruffalo,Ben Kingsley"
"Dakota Fanning, Guy Pearce, Kit Harington,Carice van Houten"
"Chris Pine, Zachary Quinto, Simon Pegg, Leonard Nimoy"
"Zachary Gordon, Robert Capron, Rachael Harris,Steve Zahn"
"Christian Bale, Steve Carell, Ryan Gosling, Brad Pitt"
"Brie Larson, Jacob Tremblay, Sean Bridgers,Wendy Crewson"
"Jamie Foxx, Christoph Waltz, Leonardo DiCaprio,Kerry Washington"
"Min-hee Kim, Jung-woo Ha, Jin-woong Jo, So-ri Moon"
"Hailee Steinfeld, Haley Lu Richardson, Blake Jenner, Kyra Sedgwick"
"Jackie Earle Haley, Patrick Wilson, Carla Gugino,Malin Akerman"
"Michael Cera, Jonah Hill, Christopher Mintz-Plasse, Bill Hader"
"Tom Hanks, Felicity Jones, Irrfan Khan, Ben Foster"
"Mark Rylance, Ruby Barnhill, Penelope Wilton,Jemaine Clement"
"Jennifer Lawrence, Josh Hutcherson, Liam Hemsworth,Stanley Tucci"
"Morgan Saylor, Brian Marc, Justin Bartha, Adrian Martinez"
"Emily Blunt, Josh Brolin, Benicio Del Toro, Jon Bernthal"
"Chris Isaak, Kiefer Sutherland, C.H. Evans, Sandra Kinder"
"Reiko Aylesworth, Steven Pasquale,Shareeka Epps, John Ortiz"
"Idris Elba, Charlie Hunnam, Rinko Kikuchi,Charlie Day"
"Steve Carell, Ryan Gosling, Julianne Moore, Emma Stone"
"Michael Cera, Mary Elizabeth Winstead, Kieran Culkin, Alison Pill"
"Simon Pegg, Nick Frost, Martin Freeman, Bill Nighy"
"Armie Hammer, Annabelle Wallis,Tom Cullen, Clint Dyer"
"Sharlto Copley, Brie Larson, Armie Hammer, Cillian Murphy"
"Patrick Stewart, Ian McKellen, Hugh Jackman, James McAvoy"
"Tom Cruise, Cobie Smulders, Aldis Hodge, Robert Knepper"
"Daniel Craig, Eva Green, Judi Dench, Jeffrey Wright"
"Kristen Stewart, Robert Pattinson, Billy Burke,Sarah Clarke"
"Jesse Eisenberg, Mark Ruffalo, Woody Harrelson, Dave Franco"
"Helen Mirren, Ryan Reynolds, Daniel Brí_hl, Katie Holmes"
"John Krasinski, Pablo Schreiber, James Badge Dale,David Denman"
"Daniel Craig, Christoph Waltz, Lí©a Seydoux, Ralph Fiennes"
"Jake Gyllenhaal, Rene Russo, Bill Paxton, Riz Ahmed"
"Charlize Theron, Art Parkinson, Matthew McConaughey, Ralph Fiennes"
"Graham Skipper, Chase Williamson, Brea Grant,Barbara Crampton"
"Joaquin Phoenix, Amy Adams, Scarlett Johansson,Rooney Mara"
"Kristen Bell, Idina Menzel, Jonathan Groff, Josh Gad"
"George Clooney, Britt Robertson, Hugh Laurie, Raffey Cassidy"
"Gary Oldman, Keri Russell, Andy Serkis, Kodi Smit-McPhee"
"Ben Stiller, Jack Black, Robert Downey Jr., Jeff Kahn"
"Vera Farmiga, Patrick Wilson, Madison Wolfe, Frances O'Connor"
"Paul Rudd, Michael Douglas, Corey Stoll, Evangeline Lilly"
"Rení©e Zellweger, Gemma Jones, Jim Broadbent,Sally Phillips"
"Anya Taylor-Joy, Ralph Ineson, Kate Dickie, Julian Richings"
"Lily James, Cate Blanchett, Richard Madden,Helena Bonham Carter"
"Tom Hughes, Charlotte Le Bon, Oona Chaplin, Barry Ward"
"Taraneh Alidoosti, Shahab Hosseini, Babak Karimi,Farid Sajjadi Hosseini"
"Aomi Muyock, Karl Glusman, Klara Kristin, Juan Saavedra"
"Joe Alwyn, Garrett Hedlund, Arturo Castro, Mason Lee"
"Mia Wasikowska, Jessica Chastain, Tom Hiddleston, Charlie Hunnam"
"Ryan Gosling, Carey Mulligan, Bryan Cranston, Albert Brooks"
"Amy Schumer, Bill Hader, Brie Larson, Colin Quinn"
"Michael Fassbender, Alicia Vikander, Rachel Weisz, Florence Clery"
"Erika Linder, Natalie Krill, Sebastian Pigott, Mayko Nguyen"
"Mark Ruffalo, Michael Keaton, Rachel McAdams, Liev Schreiber"
"Kate Mara, Anya Taylor-Joy, Rose Leslie, Michael Yare"
"Tom Hardy, Nick Nolte, Joel Edgerton, Jennifer Morrison"
"Chris Evans, Hugo Weaving, Samuel L. Jackson,Hayley Atwell"
"Callan McAuliffe, Lorraine Nicholson, Daniel Eric Gold, Clifton Collins Jr."
"Emile Hirsch, Vince Vaughn, Catherine Keener, Marcia Gay Harden"
"Benedict Cumberbatch, Keira Knightley, Matthew Goode, Allen Leech"
"Dwayne Johnson, Kevin Hart, Danielle Nicolet, Amy Ryan"
"Tom Cruise, Emily Blunt, Bill Paxton, Brendan Gleeson"
"Dane DeHaan, Jason Isaacs, Mia Goth, Ivo Nandi"
"Joseph Gordon-Levitt, Shailene Woodley, Melissa Leo,Zachary Quinto"
"Robert Downey Jr., Gwyneth Paltrow, Terrence Howard, Jeff Bridges"
"Shailene Woodley, Theo James, Jeff Daniels,Naomi Watts"
"James McAvoy, Michael Fassbender, Jennifer Lawrence, Kevin Bacon"
"Garance Marillier, Ella Rumpf, Rabah Nait Oufella,Laurent Lucas"
"Adam Driver, Golshifteh Farahani, Nellie, Rizwan Manji"
"Kristen Wiig, Maya Rudolph, Rose Byrne, Terry Crews"
"Gemma Arterton, Glenn Close, Dominique Tipper,Paddy Considine"
"Dwayne Johnson, Carla Gugino, Alexandra Daddario,Colton Haynes"
"Vanessa Hudgens, Selena Gomez, Ashley Benson,Rachel Korine"
"Shia LaBeouf, Megan Fox, Josh Duhamel, Tyrese Gibson"
"Josh Brolin, Elizabeth Olsen, Samuel L. Jackson, Sharlto Copley"
"Chris Hemsworth, Natalie Portman, Tom Hiddleston,Stellan Skarsgí«rd"
"Brenton Thwaites, Nikolaj Coster-Waldau, Gerard Butler, Chadwick Boseman"
"Chris Evans, Samuel L. Jackson,Scarlett Johansson, Robert Redford"
"Lucas Till, Jane Levy, Thomas Lennon, Barry Pepper"
"Mark Huberman, Susan Loughnane, Steve Oram,Catherine Walker"
"Aaron Taylor-Johnson, Nicolas Cage, Chloí‚ Grace Moretz, Garrett M. Brown"
"Sharlto Copley, Tim Roth, Haley Bennett, Danila Kozlovsky"
"Owen Wilson, Bonnie Hunt, Paul Newman, Larry the Cable Guy"
"Maika Monroe, Keir Gilchrist, Olivia Luccardi,Lili Sepe"
"Daniel Craig, Rooney Mara, Christopher Plummer,Stellan Skarsgí«rd"
"Jason Sudeikis, Jennifer Aniston, Emma Roberts, Ed Helms"
"Sasha Lane, Shia LaBeouf, Riley Keough, McCaul Lombardi"
"Colin Farrell, Rachel Weisz, Jessica Barden,Olivia Colman"
"Adrien Brody, Laurence Fishburne, Topher Grace,Alice Braga"
"Angelina Jolie, Elle Fanning, Sharlto Copley,Lesley Manville"
"Noomi Rapace, Michael Chiklis, Kerry Bishí©,Peter Stormare"
"Ivana Baquero, Ariadna Gil, Sergi Lí_pez,Maribel Verdí_"
"Patrick Wilson, Jessica Biel, Haley Bennett, Vincent Kartheiser"
"Gerardo Taracena, Raoul Max Trujillo, Dalia Herníçndez,Rudy Youngblood"
"Tom Cruise, Rebecca Ferguson, Jeremy Renner, Simon Pegg"
"Chris Hemsworth, Jessica Chastain, Charlize Theron, Emily Blunt"
"Logan Lerman, Emma Watson, Ezra Miller, Paul Rudd"
"Natalie Portman, Peter Sarsgaard, Greta Gerwig,Billy Crudup"
"Kate Beckinsale, Mel Raido, Duncan Joiner, Lucas Till"
"Ralph Fiennes, F. Murray Abraham, Mathieu Amalric,Adrien Brody"
"Saoirse Ronan, Max Irons, Jake Abel, Diane Kruger"
"Brad Pitt, Shia LaBeouf, Logan Lerman, Michael Peí±a"
"Amy Poehler, Bill Hader, Lewis Black, Mindy Kaling"
"Luke Wilson, Eddie Izzard, J.K. Simmons, Lewis Black"
"Arnold Schwarzenegger, Jason Clarke, Emilia Clarke,Jai Courtney"
"Logan Lerman, Kevin McKidd, Steve Coogan,Brandon T. Jackson"
"Hugh Jackman, Russell Crowe, Anne Hathaway,Amanda Seyfried"
"Julianne Moore, Clive Owen, Chiwetel Ejiofor,Michael Caine"
"Annette Bening, Elle Fanning, Greta Gerwig, Billy Crudup"
"Melissa McCarthy, Rose Byrne, Jude Law, Jason Statham"
"Franí_ois Cluzet, Omar Sy, Anne Le Ny, Audrey Fleurot"
"Diane Lane, Alec Baldwin, Arnaud Viard, Linda Gegusch"
"Christos Stergioglou, Michele Valley, Angeliki Papoulia, Hristos Passalis"
"O'Shea Jackson Jr., Corey Hawkins, Jason Mitchell,Neil Brown Jr."
"Andrew Garfield, Emma Stone, Jamie Foxx, Paul Giamatti"
"Patrick Wilson, Vera Farmiga, Ron Livingston, Lili Taylor"
"Zach Galifianakis, Bradley Cooper, Justin Bartha, Ed Helms"
"Alexander Skarsgí«rd, Brooklyn Decker, Liam Neeson,Rihanna"
"James Franco, Andy Serkis, Freida Pinto, Karin Konoval"
"Teresa Palmer, Gabriel Bateman, Maria Bello,Billy Burke"
"Richard Gere, Lior Ashkenazi, Michael Sheen,Charlotte Gainsbourg"
"Michael Keaton, Zach Galifianakis,Edward Norton, Andrea Riseborough"
"Natalie Portman, Mila Kunis, Vincent Cassel,Winona Ryder"
"Tyler James Williams, Tessa Thompson, Kyle Gallner,Teyonah Parris"
"Charlotte Gainsbourg, Stellan Skarsgí«rd, Stacy Martin, Shia LaBeouf"
"Megan Fox, Will Arnett, Tyler Perry, Laura Linney"
"Keanu Reeves, Lorenza Izzo, Ana de Armas, Aaron Burns"
"Robert De Niro, Zac Efron, Zoey Deutch, Aubrey Plaza"
"Tom Hanks, Halle Berry, Hugh Grant, Hugo Weaving"
"Hugh Jackman, Liev Schreiber, Ryan Reynolds, Danny Huston"
"Sarah Hyland, Steven Krueger, Justin Chon, Clara Mamet"
"Daniel Craig, Javier Bardem, Naomie Harris, Judi Dench"
"Martin Freeman, Ian McKellen, Richard Armitage,Andy Serkis"
"Jonah Hill, Channing Tatum, Ice Cube,Brie Larson"
"Ferdia Walsh-Peelo, Aidan Gillen, Maria Doyle Kennedy, Jack Reynor"
"Elle Fanning, Dane DeHaan, Carly Rae Jepsen, Maddie Ziegler"
"Tom Cruise, Morgan Freeman, Andrea Riseborough, Olga Kurylenko"
"Channing Tatum, Jonah Hill, Ice Cube,Nick Offerman"
"Jake Gyllenhaal, Robert Downey Jr., Mark Ruffalo,Anthony Edwards"
"Blake Jenner, Tyler Hoechlin, Ryan Guzman,Zoey Deutch"
"Robert Downey Jr., Guy Pearce, Gwyneth Paltrow,Don Cheadle"
"Jesse Eisenberg, Common, Mark Ruffalo, Woody Harrelson"
"Robert Downey Jr., Jude Law, Rachel McAdams, Mark Strong"
"Kurt Russell, Zoí‚ Bell, Rosario Dawson, Vanessa Ferlito"
"Eddie Redmayne, Alicia Vikander, Amber Heard, Ben Whishaw"
"Dwayne Johnson, John Hurt, Ian McShane, Joseph Fiennes"
"Emily Browning, Vanessa Hudgens, Abbie Cornish,Jena Malone"
"Zach Galifianakis, Isla Fisher, Jon Hamm, Gal Gadot"
"Channing Tatum, Mila Kunis,Eddie Redmayne, Sean Bean"
"Zach Galifianakis, Kristen Wiig, Owen Wilson, Ross Kimball"
"Romain Duris, Charlotte Le Bon, Jalil Lespert, Camille Cottin"
"Yoo Gong, Soo-an Kim, Yu-mi Jung, Dong-seok Ma"
"Anna Kendrick, Brittany Snow, Rebel Wilson, Anna Camp"
"Seth Rogen, Rose Byrne, Zac Efron, Chloí‚ Grace Moretz"
"Lily James, Jai Courtney, Christopher Plummer, Loí¿s van Wijk"
"Henry Cavill, Amy Adams, Michael Shannon, Diane Lane"
"Benjamin Walker, Teresa Palmer, Alexandra Daddario,Maggie Grace"
"Ray Romano, Denis Leary, John Leguizamo, Chris Wedge"
"Anne Hathaway, Meryl Streep, Adrian Grenier, Emily Blunt"
"Bryan Cranston, John Leguizamo, Diane Kruger, Amy Ryan"
"Daniel Day-Lewis, Paul Dano, Ciaríçn Hinds,Martin Stringer"
"Denzel Washington, Marton Csokas, Chloí‚ Grace Moretz, David Harbour"
"Mark Wahlberg, Taylor Kitsch, Emile Hirsch, Ben Foster"
"Kristen Connolly, Chris Hemsworth, Anna Hutchison,Fran Kranz"
"Anna Faris, Colin Hanks, Emma Stone, Kat Dennings"
"Jay Baruchel, Alice Eve, T.J. Miller, Mike Vogel"
"Joaquin Phoenix, Josh Brolin, Owen Wilson,Katherine Waterston"
"Mia Wasikowska, Johnny Depp, Helena Bonham Carter, Anne Hathaway"
"Emile Hirsch, Zoí‚ Kravitz, Zoey Deutch,Emory Cohen"
"Lucas Black, Zachery Ty Bryan, Shad Moss, Damien Marzette"
"Dakota Johnson, Rebel Wilson, Leslie Mann, Alison Brie"
"Quinton Aaron, Sandra Bullock, Tim McGraw,Jae Head"
"Lí©a Seydoux, AdíÂle Exarchopoulos, Salim Kechiouche, Aurí©lien Recoing"
"Essie Davis, Noah Wiseman, Daniel Henshall, Hayley McElhinney"
"Ian McKellen, Martin Freeman, Richard Armitage,Cate Blanchett"
"Daniel Radcliffe, Emma Watson, Rupert Grint, Brendan Gleeson"
"Chris Evans, Jamie Bell, Tilda Swinton, Ed Harris"
"Chloí‚ Grace Moretz, Matthew Zuk, Gabriela Lopez,Bailey Anne Borders"
"Connor Paolo, Nick Damici, Laura Abramsen, A.C. Peterson"
"Olivia DeJonge, Ed Oxenbould, Deanna Dunagan, Peter McRobbie"
"Vin Diesel, Paul Walker, Dwayne Johnson, Jordana Brewster"
"Channing Tatum, Jenna Dewan Tatum, Damaine Radcliff, De'Shawn Washington"
"Riley Keough, Jena Malone, Jessie Ok Gray, Cary Joji Fukunaga"
"Gerard Butler, Tom Wilkinson, Idris Elba, Thandie Newton"
"Justin Timberlake, Amanda Seyfried, Cillian Murphy,Olivia Wilde"
"Jesse Eisenberg, Andrew Garfield, Justin Timberlake,Rooney Mara"
"Vin Diesel, Rose Leslie, Elijah Wood, íñlafur Darri íñlafsson"
"Daniel Radcliffe, James McAvoy, Jessica Brown Findlay, Andrew Scott"
"Luke Treadaway, Bob the Cat, Ruta Gedmintas, Joanne Froggatt"
"Anton Yelchin, Imogen Poots, Alia Shawkat,Patrick Stewart"
"Chris Hemsworth, Viola Davis, Wei Tang, Leehom Wang"
"Andy Samberg, Katie Crown,Kelsey Grammer, Jennifer Aniston"
"Bradley Cooper, Sienna Miller, Kyle Gallner, Cole Konis"
"Matthew McConaughey, Jennifer Garner, Jared Leto, Steve Zahn"
"Daniel Day-Lewis, Sally Field, David Strathairn,Joseph Gordon-Levitt"
"Daniel Brí_hl, Chris Hemsworth, Olivia Wilde,Alexandra Maria Lara"
"Kate Bosworth, Thomas Jane, Jacob Tremblay,Annabeth Gish"
"Bradley Cooper, Jennifer Lawrence, Robert De Niro, Jacki Weaver"
"Alexi Pappas, Chase Offerle, Rachel Dratch, Andy Buckley"
"Shailene Woodley, Ansel Elgort, Nat Wolff, Laura Dern"
"Adam Sandler, Drew Barrymore, Wendi McLendon-Covey, Kevin Nealon"
"Vin Diesel, Paul Walker, Michelle Rodriguez, Jordana Brewster"
"Joseph Gordon-Levitt, Bruce Willis, Emily Blunt, Paul Dano"
"Channing Tatum, Jamie Foxx, Maggie Gyllenhaal,Jason Clarke"
"Bryce Dallas Howard, Robert Redford, Oakes Fegley,Oona Laurence"
"Tobey Maguire, Kirsten Dunst, Topher Grace, Thomas Haden Church"
"Logan Lerman, Matthew Macfadyen, Ray Stevenson, Milla Jovovich"
"Charlie Cox, Claire Danes, Sienna Miller, Ian McKellen"
"Christian Bale, Amy Adams, Bradley Cooper,Jennifer Lawrence"
"Megan Fox, Amanda Seyfried, Adam Brody, Johnny Simmons"
"Owen Wilson, Rachel McAdams, Kathy Bates, Kurt Fuller"
"Florence Pugh, Christopher Fairbank, Cosmo Jarvis, Naomi Ackie"
"Jennifer Lawrence, Robert De Niro, Bradley Cooper, Edgar Ramí_rez"
"Kate Winslet, Judy Davis, Liam Hemsworth,Hugo Weaving"
"Jesse Eisenberg, Kristen Stewart, Steve Carell, Blake Lively"
"Shailene Woodley, Ansel Elgort, Theo James,Kate Winslet"
"Ben Barnes, Julianne Moore, Jeff Bridges, Alicia Vikander"
"Omar Sy, Clí©mence Poí©sy, Antoine Bertrand, Ashley Walters"
"Eddie Redmayne, Felicity Jones, Tom Prior, Sophie Perry"
"James Franco, Jonah Hill, Seth Rogen,Jay Baruchel"
"Domhnall Gleeson, Rachel McAdams, Bill Nighy,Lydia Wilson"
"Will Ferrell, John C. Reilly, Mary Steenburgen,Richard Jenkins"
"Andy Powers, Laura Allen, Peter Stormare, Christian Distefano"
"Chris Pine, Zachary Quinto, Zoe Saldana, Benedict Cumberbatch"
"Jesse Eisenberg, Emma Stone, Woody Harrelson,Abigail Breslin"
"Josh Brolin, George Clooney, Alden Ehrenreich, Ralph Fiennes"
"Dev Patel, Freida Pinto, Saurabh Shukla, Anil Kapoor"
"Kristen Stewart, Robert Pattinson, Taylor Lautner, Peter Facinelli"
"William Fichtner, Jon Voight, Lia Marie Johnson,Gabriel Basso"
"Andrew Garfield, Emma Stone, Rhys Ifans, Irrfan Khan"
"Jack Huston, Toby Kebbell, Rodrigo Santoro,Nazanin Boniadi"
"Jacob Latimore, Seychelle Gabriel, Dulí© Hill, Storm Reid"
"Dylan O'Brien, Kaya Scodelario, Will Poulter, Thomas Brodie-Sangster"
"Kevin Costner, Ryan Reynolds, Gal Gadot, Gary Oldman"
"Angelina Jolie, James McAvoy, Morgan Freeman, Terence Stamp"
"Meryl Streep, Hugh Grant, Simon Helberg, Rebecca Ferguson"
"Nicholas Hoult, Felicity Jones, Anthony Hopkins, Ben Kingsley"
"Johnny Depp, Benedict Cumberbatch, Dakota Johnson, Joel Edgerton"
"Michael B. Jordan, Sylvester Stallone, Tessa Thompson, Phylicia Rashad"
"Paul Dano, Daniel Radcliffe, Mary Elizabeth Winstead, Antonia Ribero"
"Sylvester Stallone, Jason Statham, Jet Li, Antonio Banderas"
"Jemaine Clement, Taika Waititi,Cori Gonzalez-Macuer, Jonny Brugh"
"Jake Gyllenhaal, Rachel McAdams, Oona Laurence,Forest Whitaker"
"John Gallagher Jr., Kate Siegel, Michael Trucco,Samantha Sloyan"
"Tom Hanks, Mark Rylance, Alan Alda, Amy Ryan"
"Chris Pratt, Will Ferrell, Elizabeth Banks, Will Arnett"
"Jason Clarke, Ang Phula Sherpa, Thomas M. Wright, Martin Henderson"
"Adam Sandler, Kevin James, Michelle Monaghan,Peter Dinklage"
"Russell Crowe, Cate Blanchett, Matthew Macfadyen,Max von Sydow"
"Hugh Jackman, Will Yun Lee, Tao Okamoto, Rila Fukushima"
"Taylor Kitsch, Lynn Collins, Willem Dafoe,Samantha Morton"
"Keegan-Michael Key, Jordan Peele, Tiffany Haddish,Method Man"
"Sean Penn, Idris Elba, Jasmine Trinca, Javier Bardem"
"Michael Fassbender, Kate Winslet, Seth Rogen, Jeff Daniels"
"Tim Pigott-Smith, Naomi Battrick, Ellie Kendrick,James Cosmo"
"Adam Sandler, Kevin James, Chris Rock, David Spade"
"Blake Lively, Michiel Huisman, Harrison Ford,Kathy Baker"
"Edward Norton, Liv Tyler, Tim Roth, William Hurt"
"Vince Vaughn, Malin Akerman, Jon Favreau, Jason Bateman"
"Simon Pegg, Kate Beckinsale, Sanjeev Bhaskar, Rob Riggle"
"Channing Tatum, Alex Pettyfer, Olivia Munn,Matthew McConaughey"
"Sandra Bullock, Jon Hamm, Michael Keaton, Pierre Coffin"
"Natasha Henstridge, Lukas Hassel, Lin Shaye,Dominique Swain"
"Tom Hardy, Kelly Adams, Luing Andrews,Katy Barker"
"Steve Carell, Jason Segel, Russell Brand, Julie Andrews"
"James Marsden, Michelle Monaghan, Luke Bracey,Liana Liberato"
"Logan Marshall-Green, Emayatzy Corinealdi, Michiel Huisman, Tammy Blanchard"
"Jessica Chastain, Joel Edgerton, Chris Pratt, Mark Strong"
"Mandy Moore, Zachary Levi, Donna Murphy, Ron Perlman"
"Jennifer Lawrence, Josh Hutcherson, Liam Hemsworth, Woody Harrelson"
"Ed Helms, Christina Applegate, Skyler Gisondo, Steele Stebbins"
"Liam Neeson, Maggie Grace, Famke Janssen, Leland Orser"
"Anna Kendrick, Rebel Wilson, Hailee Steinfeld,Brittany Snow"
"Billy Crystal, John Goodman, Steve Buscemi, Helen Mirren"
"Isabelle Huppert, Laurent Lafitte, Anne Consigny,Charles Berling"
"Jason Statham, Jessica Alba, Tommy Lee Jones,Michelle Yeoh"
"Justin Long, Michael Parks, Haley Joel Osment,Genesis Rodriguez"
"Alison Brie, Gerard Butler, Willem Dafoe, Gretchen Mol"
"Keira Knightley, James McAvoy, Brenda Blethyn,Saoirse Ronan"
"Daniel Radcliffe, Emma Watson, Rupert Grint, Bill Nighy"
"Michael Fassbender, Carey Mulligan, James Badge Dale, Lucy Walters"
"Saoirse Ronan, Cate Blanchett, Eric Bana, Vicky Krieps"
"Lauren Birkell, Paul Borghese, Chira Cassel, Anthony Cirillo"
"Lily James, Sam Riley, Jack Huston, Bella Heathcote"
"Sullivan Stapleton, Eva Green, Lena Headey, Hans Matheson"
"Gerard Butler, Aaron Eckhart, Morgan Freeman,Angela Bassett"
"Brad Pitt, Cate Blanchett, Tilda Swinton, Julia Ormond"
"Mickey Rourke, Jessica Alba, Josh Brolin, Joseph Gordon-Levitt"
"Matt Damon, Edgar Ramí_rez, Joan Allen, Julia Stiles"
"Srdjan 'Zika' Todorovic, Sergej Trifunovic,Jelena Gavrilovic, Slobodan Bestic"
"Frank Grillo, Elizabeth Mitchell, Mykelti Williamson, Joseph Julian Soria"
"Aamir Khan, Madhavan, Mona Singh, Sharman Joshi"
"Ben Stiller, Owen Wilson, Pení©lope Cruz, Will Ferrell"
"Brad Pitt, Mireille Enos, Daniella Kertesz, James Badge Dale"
"Tom Cruise, Jeremy Renner, Simon Pegg, Paula Patton"
"Marilyn Manson, Mark Boone Junior, Sam Quartin, Niko Nicotera"
"James McAvoy, Jamie Bell, Eddie Marsan, Imogen Poots"
"Scott Eastwood, Britt Robertson, Alan Alda, Jack Huston"
"Naomi Watts, Ewan McGregor, Tom Holland, Oaklee Pendergast"
"Aaron Taylor-Johnson, Chloí‚ Grace Moretz,Christopher Mintz-Plasse, Jim Carrey"
"Alex Karpovsky, Wyatt Russell, Meredith Hagner,Melanie Lynskey"
"James Franco, Michelle Williams, Rachel Weisz, Mila Kunis"
"Saoirse Ronan, Emory Cohen, Domhnall Gleeson,Jim Broadbent"
"Dakota Fanning, Teri Hatcher, John Hodgman, Jennifer Saunders"
"Ryan Gosling, Michelle Williams, John Doman,Faith Wladyka"
"Logan Paul, Peyton List, Lia Marie Johnson,Calum Worthy"
"Radha Mitchell, Laurie Holden, Sean Bean,Deborah Kara Unger"
"Karl Urban, Olivia Thirlby, Lena Headey, Rachel Wood"
"Sam Neill, Julian Dennison, Rima Te Wiata, Rachel House"
"Ryan Potter, Scott Adsit, Jamie Chung,T.J. Miller"
"Chloí‚ Grace Moretz, Julianne Moore, Gabriella Wilde, Portia Doubleday"
"Robert Downey Jr., Mickey Rourke, Gwyneth Paltrow,Don Cheadle"
"Jake Gyllenhaal, Naomi Watts, Chris Cooper,Judah Lewis"
"Dennis Quaid, Ben Foster, Cam Gigandet, Antje Traue"
"Gerard Butler, Aaron Eckhart, Morgan Freeman,Angela Bassett"
"Alex Pettyfer, Timothy Olyphant, Dianna Agron, Teresa Palmer"
"Mads Mikkelsen, Thomas Bo Larsen, Annika Wedderkopp, Lasse FogelstríŸm"
"Sandra Bullock, Ryan Reynolds, Mary Steenburgen,Craig T. Nelson"
"Will Ferrell, Kevin Hart, Alison Brie, T.I."
"Adam Sandler, Jennifer Aniston, Brooklyn Decker,Nicole Kidman"
"Leonardo DiCaprio, Kate Winslet, Christopher Fitzgerald, Jonathan Roumie"
"Ben Affleck, Rebecca Hall, Jon Hamm, Jeremy Renner"
"Lauren Cohan, Rupert Evans, James Russell, Jim Norton"
"Rachel Weisz, Tom Wilkinson, Timothy Spall, Andrew Scott"
"Ethan Hawke, Sarah Snook, Noah Taylor, Madeleine West"
"Jack Black, Dylan Minnette, Odeya Rush, Ryan Lee"
"Robert Downey Jr., Jude Law, Jared Harris, Rachel McAdams"
"Angelina Jolie, Liev Schreiber, Chiwetel Ejiofor, Daniel Olbrychski"
"Jake Gyllenhaal, Mí©lanie Laurent, Sarah Gadon,Isabella Rossellini"
"Sharlto Copley, David James, Jason Cope, Nathalie Boltt"
"Will Ferrell, Mark Wahlberg, Derek Jeter, Eva Mendes"
"Denzel Washington, Russell Crowe, Chiwetel Ejiofor,Josh Brolin"
"Kirsten Dunst, Jason Schwartzman, Rip Torn, Judy Davis"
"John Cusack, Thandie Newton, Chiwetel Ejiofor,Amanda Peet"
"Daniel Radcliffe, Emma Watson, Rupert Grint, Michael Gambon"
"Ben Affleck, Bryan Cranston, John Goodman, Alan Arkin"
"Taron Egerton, Hugh Jackman, Tom Costello, Jo Hartley"
"Ulrich Mí_he, Martina Gedeck,Sebastian Koch, Ulrich Tukur"
"Dominic Monaghan, Ksenia Solo, Jennette McCurdy,Da'Vone McDonald"
"Alia Shawkat, Nancy Kwan, Annabelle Attanasio,Alfred Molina"
"Michael Fassbender, Marion Cotillard, Jack Madigan,Frank Madigan"
"Kristen Bell, Jason Segel, Paul Rudd, Mila Kunis"
"Brenton Thwaites, Jeff Bridges, Meryl Streep, Taylor Swift"
"Casey Affleck, Chiwetel Ejiofor, Anthony Mackie,Aaron Paul"
"Giuseppe Battiston, Anna Foglietta, Marco Giallini,Edoardo Leo"
"Jason Sudeikis, Josh Gad, Danny McBride, Maya Rudolph"
"Jared Gilman, Kara Hayward, Bruce Willis, Bill Murray"
"John Travolta, Queen Latifah, Nikki Blonsky,Michelle Pfeiffer"
"Julianne Hough, Josh Duhamel, Cobie Smulders,David Lyons"
"Will Smith, Margot Robbie, Rodrigo Santoro, Adrian Martinez"
"Brad Garrett, Lou Romano, Patton Oswalt,Ian Holm"
"Connor Paolo, Nick Damici, Kelly McGillis, Gregory Jones"
"Denzel Washington, Mila Kunis, Ray Stevenson, Gary Oldman"
"Mike Vogel, Jessica Lucas, Lizzy Caplan, T.J. Miller"
"Edgar Ramí_rez, Luke Bracey, Ray Winstone, Teresa Palmer"
"Scarlett Johansson, Jeremy McWilliams, Lynsey Taylor Mackay, Dougie McConnell"
"Will Smith, Alice Braga, Charlie Tahan, Salli Richardson-Whitfield"
"Will Smith, Tommy Lee Jones, Josh Brolin,Jemaine Clement"
"Elle Fanning, AJ Michalka, Kyle Chandler, Joel Courtney"
"Gerard Butler, Jamie Foxx, Leslie Bibb, Colm Meaney"
"Edward Asner, Jordan Nagai, John Ratzenberger, Christopher Plummer"
"Dylan O'Brien, Kaya Scodelario, Thomas Brodie-Sangster,Giancarlo Esposito"
"Cate Blanchett, Rooney Mara, Sarah Paulson, Kyle Chandler"
"Daniel Radcliffe, Toni Collette, Tracy Letts, Sam Trammell"
"Michael Caine, Harvey Keitel, Rachel Weisz, Jane Fonda"
"Jared Leto, Sarah Polley, Diane Kruger, Linh Dan Pham"
"Riz Ahmed, Billie Piper, James Floyd, Cush Jumbo"
"Aaron Taylor-Johnson, Taylor Kitsch, Blake Lively,Benicio Del Toro"
"Zooey Deschanel, Joseph Gordon-Levitt, Geoffrey Arend, Chloí‚ Grace Moretz"
"Emma Stone, Stephen Merchant, Richard Gere, Liev Schreiber"
"Sandra Bullock, George Clooney, Ed Harris, Orto Ignatiussen"
"Asa Butterfield, David Thewlis, Rupert Friend, Zac Mattoon O'Brien"
"Mark Wahlberg, Michael Peí±a, Rhona Mitra, Danny Glover"
"Mark Wahlberg, Zooey Deschanel, John Leguizamo, Ashlyn Sanchez"
"Kurt Russell, Patrick Wilson, Matthew Fox, Richard Jenkins"
"Channing Tatum, Joe Manganiello, Matt Bomer,Adam Rodriguez"
"Emma Stone, Amanda Bynes, Penn Badgley, Dan Byrd"
"Christian Bale, Joel Edgerton, Ben Kingsley, Sigourney Weaver"
"Sharlto Copley, Dev Patel, Hugh Jackman,Sigourney Weaver"
"Ian McKellen, Martin Freeman, Richard Armitage,Ken Stott"
"Chiwetel Ejiofor, Thandie Newton, Anika Noni Rose,Joseph Mawle"
"Jamie Dornan, Cillian Murphy, Brian Caspe, Karel Hermíçnek Jr."
"Michael Fassbender, Pení©lope Cruz, Cameron Diaz,Javier Bardem"
"Anton Adasinsky, Aleksandr Armer, Vilen Babichev, Rostislav Bershauer"
"Tina Fey, Margot Robbie, Martin Freeman, Alfred Molina"
"Clive Owen, Catherine Keener, Liana Liberato,Jason Clarke"
"Billy Magnussen, Terry Chen, Teresa Navarro,Vanessa Ross"
"Matt Damon, Jodie Foster, Sharlto Copley, Alice Braga"
"Lorenza Izzo, Ariel Levy, Aaron Burns, Kirby Bliss Blanton"
"Aaron Taylor-Johnson, Elizabeth Olsen, Bryan Cranston, Ken Watanabe"
"Jeremy Renner, Rachel Weisz, Edward Norton, Scott Glenn"
"Russell Crowe, Abbie Cornish, Albert Finney, Marion Cotillard"
"Alycia Debnam-Carey, William Moseley, Connor Paolo, Brit Morgan"
"Denzel Washington, Paula Patton, Jim Caviezel, Val Kilmer"
"Scarlett Johansson, Morgan Freeman, Min-sik Choi,Amr Waked"
"Cynthia Nixon, Jennifer Ehle, Duncan Duff, Keith Carradine"
"Aaron Paul, Dominic Cooper, Imogen Poots, Scott Mescudi"
"Tom Cruise, Rosamund Pike, Richard Jenkins, Werner Herzog"
"Adam Sandler, David Spade, Paula Patton, Kathryn Hahn"
"Jim Carrey, Charlotte Gainsbourg, Marton Csokas, Kati Outinen"
"Ewan McGregor, Jennifer Connelly, Dakota Fanning, Peter Riegert"
"Ewan McGregor, Pierce Brosnan, Olivia Williams,Jon Bernthal"
"Bradley Cooper, Anna Friel, Abbie Cornish, Robert De Niro"
"James Badge Dale, Emily Mortimer, Bruce Greenwood,Max Martini"
"Hilary Swank, Gerard Butler, Harry Connick Jr., Lisa Kudrow"
"Patrick Wilson, Lena Headey, Ray Winstone,Richard Dreyfuss"
"Michael Shannon, Joel Edgerton, Kirsten Dunst, Adam Driver"
"Keegan-Michael Key, Gillian Jacobs, Mike Birbiglia,Chris Gethard"
"Mia Wasikowska, Johnny Depp, Helena Bonham Carter,Anne Hathaway"
"Elisabeth Moss, Naomi Watts, Ron Perlman, Liev Schreiber"
"Dave Johns, Hayley Squires, Sharon Percy, Briana Shann"
"Jennifer Aniston, Vince Vaughn, Jon Favreau, Joey Lauren Adams"
"Ruth Negga, Joel Edgerton, Will Dalton, Dean Mumford"
"Miles Teller, Kate Mara, Michael B. Jordan, Jamie Bell"
"Mia Goth, Martin McCann, Barry Ward, Andrew Simpson"
"Emma Watson, Daniel Brí_hl, Michael Nyqvist,Richenda Carey"
"Jennifer Lopez, Ryan Guzman, Kristin Chenoweth, John Corbett"
"Jason Bateman, Rebecca Hall, Joel Edgerton, Allison Tolman"
"Luke Evans, Dominic Cooper, Sarah Gadon, Art Parkinson"
"Chris Hemsworth, Cillian Murphy, Brendan Gleeson,Ben Whishaw"
"Luke Wilson, Maya Rudolph, Dax Shepard, Terry Crews"
"Sylvester Stallone, Jason Statham, Jet Li, Dolph Lundgren"
"Jane Levy, Shiloh Fernandez, Jessica Lucas, Lou Taylor Pucci"
"Ethan Hawke, Juliet Rylance, James Ransone,Fred Dalton Thompson"
"John C. Reilly, Jack McBrayer, Jane Lynch, Sarah Silverman"
"Kristen Stewart, Chris Hemsworth, Charlize Theron, Sam Claflin"
"Levi Miller, Hugh Jackman, Garrett Hedlund, Rooney Mara"
"Shia LaBeouf, Rosie Huntington-Whiteley, Tyrese Gibson, Josh Duhamel"
"Ellen Page, Michael Cera, Jennifer Garner, Jason Bateman"
"Tom Hanks, Sarita Choudhury, Ben Whishaw,Alexander Black"
"George Clooney, Julia Roberts, Jack O'Connell,Dominic West"
"Cameron Diaz, Leslie Mann, Kate Upton, Nikolaj Coster-Waldau"
"Amy Adams, Susan Sarandon, James Marsden, Patrick Dempsey"
"Robert De Niro, Anne Hathaway, Rene Russo,Anders Holm"
"Steve Carell, Toni Collette, Greg Kinnear, Abigail Breslin"
"Miles Teller, Aaron Eckhart, Katey Sagal, Ciaríçn Hinds"
"Sam Worthington, Liam Neeson, Ralph Fiennes,Jason Flemyng"
"Chris Pine, Casey Affleck, Ben Foster, Eric Bana"
"Jeff Bridges, Garrett Hedlund, Olivia Wilde, Bruce Boxleitner"
"Jennifer Lawrence, Josh Hutcherson, Liam Hemsworth, Philip Seymour Hoffman"
"Ryan Gosling, Kirsten Dunst, Frank Langella, Lily Rabe"
"Dave Bautista, Alain Moussi, Gina Carano, Jean-Claude Van Damme"
"Noah Ringer, Nicola Peltz, Jackson Rathbone,Dev Patel"
"Jason Segel, Cameron Diaz, Rob Corddry, Ellie Kemper"
"Cameron Diaz, Matthew Morrison, J. Todd Smith, Dennis Quaid"
"Brad Pitt, Robin Wright, Jonah Hill, Philip Seymour Hoffman"
"Nicolas Cage, Eva Mendes, Sam Elliott, Matt Long"
"Jack O'Connell, Miyavi, Domhnall Gleeson, Garrett Hedlund"
"Henry Cavill, Mickey Rourke, John Hurt, Stephen Dorff"
"Cillian Murphy, Rose Byrne, Chris Evans, Michelle Yeoh"
"Kelly Macdonald,Billy Connolly, Emma Thompson, Julie Walters"
"Michael Nyqvist, Noomi Rapace, Ewa Frí_ling,Lena Endre"
"Naomi Watts, Robin Wright, Xavier Samuel, James Frecheville"
"Tom Hardy, Noomi Rapace, James Gandolfini,Matthias Schoenaerts"
"Amanda Bynes, Laura Ramsey, Channing Tatum,Vinnie Jones"
"Will Ferrell, Mark Wahlberg, Linda Cardellini, Thomas Haden Church"
"Kodi Smit-McPhee, Chloí‚ Grace Moretz, Richard Jenkins, Cara Buono"
"Sean Faris, Djimon Hounsou, Amber Heard, Cam Gigandet"
"Sacha Baron Cohen, Mark Strong, Rebel Wilson,Freddie Crowder"
"Sam Rockwell, Kevin Spacey, Dominique McElligott,Rosie Shaw"
"Will Ferrell, Jonah Hill, Brad Pitt, Tina Fey"
"Sean Penn, Ryan Gosling, Emma Stone, Giovanni Ribisi"
"Mel Gibson, Erin Moriarty, Diego Luna, Michael Parks"
"Jennifer Aniston, Jennifer Connelly, Morgan Lily,Trenton Rogers"
"Jack Black, Bryan Cranston, Dustin Hoffman, Angelina Jolie"
"Matt Vael, Simon Cotton, Kevin Leslie, Olivia Moyles"
"Fionn O'Shea, Nicholas Galitzine, Andrew Scott, Moe Dunford"
"Jennifer Lawrence, John Hawkes, Garret Dillahunt,Isaiah Stone"
"Jason Bateman, Charlie Day, Jason Sudeikis, Steve Wiebe"
"Anne Dorval, Antoine-Olivier Pilon, Suzanne Clí©ment,Patrick Huard"
"Ron Perlman, Selma Blair, Doug Jones, John Alexander"
"Alice Englert, Viola Davis, Emma Thompson,Alden Ehrenreich"
"Sandra Hí_ller, Peter Simonischek, Michael Wittenborn,Thomas Loibl"
"Rachel Weisz, Mark Wahlberg, Saoirse Ronan, Susan Sarandon"
"Brad Pitt, Casey Affleck, Sam Shepard, Mary-Louise Parker"
"Joseph Gordon-Levitt, Scarlett Johansson,Julianne Moore, Tony Danza"
"Idris Elba, Richard Madden, Charlotte Le Bon, Kelly Reilly"
"Paul Sidhu, Branden Coles, Arielle Holmes, Kelcey Watson"
"Matthew McConaughey, Gugu Mbatha-Raw, Mahershala Ali, Keri Russell"
"Anna Kendrick, Sam Rockwell, Tim Roth, James Ransone"
"Ben Stiller, Kristen Wiig, Jon Daly, Kathryn Hahn"
"Shameik Moore, Tony Revolori, Kiersey Clemons,Kimberly Elise"
"Kate Beckinsale, Michael Ealy, India Eisley, Stephen Rea"
"Willem Dafoe, Charlotte Gainsbourg, Storm Acheche SahlstríŸm"
"Jared Padalecki, Amanda Righetti, Derek Mears,Danielle Panabaker"
"Liam Neeson, Forest Whitaker, Maggie Grace,Famke Janssen"
"Colin Farrell, Bokeem Woodbine, Bryan Cranston,Kate Beckinsale"
"Patrick Stewart, Hugh Jackman, Halle Berry, Famke Janssen"
"Lyndsy Fonseca, Michael Doneger, Tommy Dewey,Bruce Campbell"
"Keanu Reeves, Rení©e Zellweger, Gugu Mbatha-Raw, Gabriel Basso"
"Ben Stiller, Robin Williams, Owen Wilson, Dick Van Dyke"
"Jake Gyllenhaal, Anne Hathaway, Judy Greer, Oliver Platt"
"James Franco, Seth Rogen, Randall Park, Lizzy Caplan"
"Kang-ho Song, Hee-Bong Byun, Hae-il Park, Doona Bae"
"Amber Perkins, Rachel Quinn, Dean Waite, Jael Elizabeth Steinmeyer"
"Ben Burtt, Elissa Knight, Jeff Garlin, Fred Willard"
"Seth Rogen, Katherine Heigl, Paul Rudd, Leslie Mann"
"Jake Gyllenhaal, Michelle Monaghan, Vera Farmiga,Jeffrey Wright"
"Tom Hardy, Shia LaBeouf, Guy Pearce, Jason Clarke"
"Heather Sossaman, Matthew Bohrer, Courtney Halverson, Shelley Hennig"
"Jason Biggs, Alyson Hannigan,Seann William Scott, Chris Klein"
"Will Smith, Thandie Newton, Jaden Smith, Brian Howe"
"Darí_o Grandinetti, Marí_a Marull, Mí_nica Villa, Rita Cortese"
"Adam Sandler, Terry Crews, Jorge Garcia, Taylor Lautner"
"Pierre Niney, Paula Beer, Ernst Stí_tzner, Marie Gruber"
"Sofia Black-D'Elia, Analeigh Tipton,Travis Tope, Michael Kelly"
"Clint Eastwood, Bee Vang, Christopher Carley,Ahney Her"
"Bradley Cooper, Sienna Miller, Daniel Brí_hl, Riccardo Scamarcio"
"Dan Crisafulli, Kay Whitney, Richard Garcia, Pat Cashman"
"Emily Browning, Rachael Blake, Ewen Leslie, Bridgette Barrett"
"Zoey Deutch, Lucy Fry, Danila Kozlovsky, Gabriel Byrne"
"Johnny Depp, Helena Bonham Carter, Alan Rickman,Timothy Spall"
"Anthony Hopkins, Jeffrey Dean Morgan, Abbie Cornish, Colin Farrell"
"Patrick Wilson, Rose Byrne, Ty Simpkins, Lin Shaye"
"Andy Samberg, Jorma Taccone,Akiva Schaffer, Sarah Silverman"
"Ellie Kendrick, David Troughton, Jack Holden,Joe Blakemore"
"Christian Bale, Johnny Depp, Christian Stolte, Jason Clarke"
"Ellar Coltrane, Patricia Arquette, Ethan Hawke,Elijah Smith"
"Megan Fox, Will Arnett, William Fichtner, Noel Fisher"
"Naomi Watts, Viggo Mortensen, Armin Mueller-Stahl, Josef Altin"
"Geoffrey Rush, Nicholas Hope, Sam Neill, Ewen Leslie"
"Seth Rogen, James Franco, Gary Cole, Danny McBride"
"Dylan O'Brien, Britt Robertson, Victoria Justice, James Frecheville"
"Morgan Freeman, Ed Harris, Casey Affleck, Michelle Monaghan"
"Sandra Bullock, Michael McDonald, Melissa McCarthy,Demiíçn Bichir"
"Isabelle Huppert, Andrí© Marcon, Roman Kolinka,Edith Scob"
"Keira Knightley, Jude Law, Aaron Taylor-Johnson,Matthew Macfadyen"
"Ethan Hawke, David Thewlis, Emma Watson,Dale Dickey"
"Mark Wahlberg, Seth MacFarlane, Amanda Seyfried, Jessica Barth"
"Mark Wahlberg, Dwayne Johnson, Anthony Mackie,Tony Shalhoub"
"Leonardo DiCaprio, Djimon Hounsou, Jennifer Connelly, Kagiso Kuypers"
"Colin Firth, Reese Witherspoon, Alessandro Nivola,James Hamrick"
"Tom Hardy, Gary Oldman, Noomi Rapace, Joel Kinnaman"
"Jeremy Renner, Anthony Mackie, Brian Geraghty,Guy Pearce"
"Ryan Reynolds, Blake Lively, Peter Sarsgaard,Mark Strong"
"Alexander Skarsgí«rd, Michael Peí±a, Theo James, Tessa Thompson"
"Thomas Jane, Marcia Gay Harden, Laurie Holden,Andre Braugher"
"Sylvester Stallone, Arnold Schwarzenegger, 50 Cent, Vincent D'Onofrio"
"Lily Collins, Sam Claflin, Christian Cooke, Jaime Winstone"
"Mae Whitman, Bella Thorne, Robbie Amell, Allison Janney"
"Byung-hun Lee, Yoo Gong, Kang-ho Song, Ji-min Han"
"Jennifer Lawrence, Josh Hutcherson, Liam Hemsworth, Woody Harrelson"
"Tilda Swinton, John C. Reilly, Ezra Miller, Jasper Newell"
"Kate Beckinsale, Chloí‚ Sevigny, Xavier Samuel,Emma Greenwell"
"Lily Collins, Jamie Campbell Bower, Robert Sheehan,Jemima West"
"Will Smith, Rosario Dawson, Woody Harrelson,Michael Ealy"
"Colin Firth, Geoffrey Rush, Helena Bonham Carter,Derek Jacobi"
"Stuart Graham, Laine Megaw, Brian Milligan, Liam McMahon"
"Hayden Christensen, Samuel L. Jackson, Jamie Bell,Rachel Bilson"
"Tom Hanks, Tim Allen, Joan Cusack, Ned Beatty"
"Gary Oldman, Colin Firth, Tom Hardy, Mark Strong"
"Milla Jovovich, Sienna Guillory, Michelle Rodriguez, Aryana Engineer"
"Alia Bhatt, Shah Rukh Khan, Kunal Kapoor, Priyanka Moodley"
"Colin Firth, Jude Law, Nicole Kidman, Laura Linney"
"Kit Harington, Emily Browning, Kiefer Sutherland, Adewale Akinnuoye-Agbaje"
"Suraj Sharma, Irrfan Khan, Adil Hussain, Tabu"
"Richard Gere, Joan Allen, Cary-Hiroyuki Tagawa,Sarah Roemer"
"Channing Tatum, Rosario Dawson, Chris Pratt, Jenna Dewan Tatum"
"Michael Pitt, Steven Yeun, Astrid BergíÂs-Frisbey, Brit Marling"
"Bruce Willis, Justin Long, Timothy Olyphant, Maggie Q"
"Wesley Elder, Christina Grimmie, Osric Chau, Olan Rogers"
"Naomi Watts, Tim Roth, Michael Pitt, Brady Corbet"
"Mark Wahlberg, Mila Kunis, Seth MacFarlane, Joel McHale"
"Bruce Willis, Helen Mirren, Morgan Freeman,Mary-Louise Parker"
"Nicole Kidman, Hugh Jackman, Shea Adams, Eddie Baroo"
"Dwayne Johnson, Billy Bob Thornton, Maggie Grace, Mauricio Lopez"
"Josh Stewart, Bill Engvall, Alex Essoe, Ronnie Gene Blevins"
"Matt Damon, Emily Blunt, Lisa Thoreson, Florence Kastriner"
"Sharlto Copley, Charlie Day, Richard Jenkins, Anna Kendrick"
"Robert Downey Jr., Robert Duvall, Vera Farmiga, Billy Bob Thornton"
"Eric Bana, Rebecca Hall, Jim Broadbent, Ciaríçn Hinds"
"Shia LaBeouf, Megan Fox, Josh Duhamel, Tyrese Gibson"
"Emmanuel Garijo, Tom Hudson, Baptiste Goy, Axel Devillers"
"Diego Luna, Zoe Saldana, Channing Tatum, Ron Perlman"
"Lubna Azabal, Mí©lissa Dí©sormeaux-Poulin, Maxim Gaudette, Mustafa Kamel"
"Ben Stiller, Michelle Monaghan,Malin Akerman, Jerry Stiller"
"Elijah Wood, Brittany Murphy, Hugh Jackman, Robin Williams"
"Adrian Grenier, Kevin Connolly, Jerry Ferrara, Kevin Dillon"
"Scott Speedman, Liv Tyler, Gemma Ward, Alex Fisher"
"Russell Crowe, Jennifer Connelly, Anthony Hopkins, Emma Watson"
"Seth Rogen, Rose Byrne, Zac Efron, Lisa Kudrow"
"Charlotte Gainsbourg, Stellan Skarsgí«rd, Willem Dafoe, Jamie Bell"
"Reese Witherspoon, Laura Dern, Gaby Hoffmann,Michiel Huisman"
"Adam Sandler, Salma Hayek, Kevin James, Chris Rock"
"James Allen McCune, Callie Hernandez, Corbin Reid, Brandon Scott"
"Jackie Chan, Jaden Smith, Taraji P. Henson, Wenwen Han"
"Johnny Depp, Michelle Pfeiffer, Eva Green, Helena Bonham Carter"
"Mila Kunis, Justin Timberlake, Patricia Clarkson, Jenna Elfman"
"Edward Norton, Jessica Biel, Paul Giamatti, Rufus Sewell"
"Liam Neeson, Bradley Cooper, Sharlto Copley,Jessica Biel"
"Dan Stevens, Sheila Kelley, Maika Monroe, Joel David Moore"
"Vince Vaughn, Owen Wilson, Rose Byrne, Aasif Mandvi"
"Simon Pegg, Nick Frost, Seth Rogen, Mia Stallard"
"Jessica Brown Findlay, Andrew Scott, Jeremy Irvine,Tom Wilkinson"
"Tom Hanks, Audrey Tautou, Jean Reno, Ian McKellen"
"Eddie Murphy, Britt Robertson, Natascha McElhone, Xavier Samuel"
"Asa Butterfield, Chloí‚ Grace Moretz, Christopher Lee, Ben Kingsley"
"Emma Roberts, Kiernan Shipka, Lauren Holly, Lucy Boynton"
"Leonardo DiCaprio, Russell Crowe, Mark Strong,Golshifteh Farahani"
"Christian Bale, Cate Blanchett, Natalie Portman,Brian Dennehy"
"Brendan Fraser, Jet Li, Maria Bello, Michelle Yeoh"
"Melissa McCarthy, Kristen Bell, Peter Dinklage, Ella Anderson"
"Edgar Ramí_rez, Usher Raymond, Robert De Niro, Rubí©n Blades"
"Ricardo Darí_n, Soledad Villamil, Pablo Rago,Carla Quevedo"
"Jeff Bridges, Matt Damon, Hailee Steinfeld,Josh Brolin"
"Zac Efron, Wes Bentley, Emily Ratajkowski, Jonny Weston"
"Seth MacFarlane, Charlize Theron, Liam Neeson,Amanda Seyfried"
"Brian White, Karrueche Tran, Angelique Pereira,Jessica Vanessa DeLeon"
"Lily Collins, Haley Bennett, Taissa Farmiga, Steve Tom"
"Elizabeth Reaser, Lulu Wilson, Annalise Basso,Henry Thomas"
"Logan Lerman, Alexandra Daddario, Brandon T. Jackson, Nathan Fillion"
"Anthony Hopkins, Ryan Gosling, David Strathairn,Rosamund Pike"
"Karen Gillan, Brenton Thwaites, Katee Sackhoff,Rory Cochrane"
"Colin Farrell, Brendan Gleeson, Ciaríçn Hinds,Elizabeth Berrington"
"Reese Witherspoon, Chris Pine, Tom Hardy, Til Schweiger"
"Tatiana Pauhofovíç, Karl Markovics, Gedeon Burkhard,Simona Stasovíç"
"Viggo Mortensen, Charlize Theron, Kodi Smit-McPhee,Robert Duvall"
"Abbie Cornish, Dermot Mulroney, Justin Long,Diego Klattenhoff"
"Larenz Tate, Meagan Good, Rotimi, Rick Gonzalez"
"Jason Momoa, Ron Perlman, Rose McGowan,Stephen Lang"
"Mark Wahlberg, Christian Bale, Amy Adams,Melissa Leo"
"Freddie Highmore, Keri Russell, Jonathan Rhys Meyers, Terrence Howard"
"Jon Favreau, Robert Downey Jr., Scarlett Johansson,Dustin Hoffman"
"Helen Mirren, Aaron Paul, Alan Rickman, Barkhad Abdi"
"Shia LaBeouf, Michelle Monaghan, Rosario Dawson,Michael Chiklis"
"Ethan Hawke, Lena Headey, Max Burkholder,Adelaide Kane"
"Aamir Khan, Anushka Sharma, Sanjay Dutt,Boman Irani"
"Harrison Ford, Asa Butterfield, Hailee Steinfeld, Abigail Breslin"
"Harrison Ford, Cate Blanchett, Shia LaBeouf,Karen Allen"
"Nat Wolff, Cara Delevingne, Austin Abrams, Justice Smith"
"Tom Hiddleston, Jeremy Irons, Sienna Miller, Luke Evans"
"Daniel Craig, Olga Kurylenko, Mathieu Amalric, Judi Dench"
"Sigourney Weaver, Michelle Rodriguez, Tony Shalhoub,Anthony LaPaglia"
"Jay Baruchel, Gerard Butler,Christopher Mintz-Plasse, Craig Ferguson"
"Paul Giamatti, Bryce Dallas Howard, Jeffrey Wright, Bob Balaban"
"Hugh Jackman, Rachel Weisz, Sean Patrick Thomas, Ellen Burstyn"
"Owen Wilson, Larry the Cable Guy,Michael Caine, Emily Mortimer"
"Malcolm McDowell, Richard Brake, Jeff Daniel Phillips,Sheri Moon Zombie"
"Abigail Breslin, Wes Bentley, Logan Huffman,Alexander Ludwig"
"Maddy Curley, John DeLuca, Nikki SooHoo, Drew Seeley"
"Dev Patel, Jeremy Irons, Malcolm Sinclair, Raghuvir Joshi"
"Liam Neeson, Diane Kruger, January Jones,Aidan Quinn"
"Ryan Reynolds, Natalie Martinez, Matthew Goode,Ben Kingsley"
"Kevin Costner, Demi Moore, William Hurt, Dane Cook"
"Callum Turner, Grace Van Patten, Michal Vondel, Mike Birbiglia"
"Chris Evans, Alice Eve, Emma Fitzpatrick, John Cullum"
"Tom Hanks, Barkhad Abdi, Barkhad Abdirahman,Catherine Keener"
"Rooney Mara, Eric Bana, Theo James, Aidan Turner"
"Ben Winchell, Josh Brener, Maria Bello, Andy Garcia"
"Adam Sandler, Andy Samberg, Selena Gomez, Kevin James"
"Will Smith, Charlize Theron, Jason Bateman, Jae Head"
"Amy Poehler, Tina Fey, Maya Rudolph, Ike Barinholtz"
"Robert De Niro, Michelle Pfeiffer, Dianna Agron, John D'Leo"
"Seth Rogen, Elizabeth Banks, Craig Robinson, Gerry Bednob"
"Gaspard Schlatter, Sixtine Murat, Paulin Jaccoud,Michel Vuillermoz"
"Sam Worthington, Elizabeth Banks, Jamie Bell, Mandy Gonzalez"
"Natalie Portman, Ashton Kutcher, Kevin Kline, Cary Elwes"
"Christian Bale, Steve Zahn, Jeremy Davies, Zach Grenier"
"Steve Carell, Kristen Wiig, Benjamin Bratt, Miranda Cosgrove"
"Liam Neeson, Dan Stevens, David Harbour, Boyd Holbrook"
"Simon Pegg, Nick Frost, Martin Freeman, Rosamund Pike"
"Lily-Rose Depp, Harley Quinn Smith, Johnny Depp,Adam Brody"
"Colin Farrell, Woody Harrelson, Sam Rockwell,Christopher Walken"
"Ray Winstone, Crispin Glover, Angelina Jolie,Robin Wright"
"Chris Pine, Kevin Costner, Keira Knightley,Kenneth Branagh"
"John Cusack, Samuel L. Jackson, Mary McCormack, Paul Birchard"
"Mark Wahlberg, Jessica Lange, John Goodman, Brie Larson"
"Jake Gyllenhaal, Gemma Arterton, Ben Kingsley,Alfred Molina"
"Miles Teller, Shailene Woodley, Kyle Chandler,Jennifer Jason Leigh"
"David Oyelowo, Rosamund Pike, Tom Felton, Jack Davenport"
"Nicolas Cage, Tom Sizemore, Thomas Jane,Matt Lanter"
"Munro Chambers, Laurence Leboeuf, Michael Ironside, Edwin Wright"
"Jessica Chastain, Nikolaj Coster-Waldau, Megan Charpentier, Isabelle Ní©lisse"
"Vera Farmiga, Peter Sarsgaard, Isabelle Fuhrman, CCH Pounder"
"Woody Allen, Pení©lope Cruz, Jesse Eisenberg, Ellen Page"
"George Clooney, Meryl Streep, Bill Murray, Jason Schwartzman"
"Denzel Washington, Clive Owen, Jodie Foster,Christopher Plummer"
"Pierce Brosnan, Jason Barry, Karen Moskow, Kai Ryssdal"
"James Franco, Amber Tamblyn, Kate Mara, Sean Bott"
"Ward Horton, Annabelle Wallis, Alfre Woodard,Tony Amendola"
"Katie Cassidy, Elizabeth Henstridge, Adam Campbell, Miles Fisher"
"Michelle Williams, Kristin Scott Thomas, Margot Robbie,Eric Godon"
"Christopher Plummer, Lily Cole, Heath Ledger,Andrew Garfield"
"Dennis Quaid, Channing Tatum, Marlon Wayans,Adewale Akinnuoye-Agbaje"
"Rebecca Hall, Michael C. Hall, Tracy Letts, Maria Dizzia"
"Shia LaBeouf, Jai Courtney, Gary Oldman, Kate Mara"
"Michael Vartan, Erin Moriarty, Nadine Velazquez,Ronnie Gene Blevins"
"Naomi Watts, Charlie Heaton, Jacob Tremblay,Oliver Platt"
"Mark Chao, Ni Ni, Dave Bautista, Sienna Guillory"
"Kurt Russell, Rose McGowan, Danny Trejo, Zoí‚ Bell"
"Carmen Electra, Vanessa Lachey,Nicole Parker, Matt Lanter"
"Sylvester Stallone, Antonio Tarver, Milo Ventimiglia, Burt Young"
"Zachary Gordon, Robert Capron, Devon Bostick,Steve Zahn"
"Mia Wasikowska, Michael Fassbender, Jamie Bell, Su Elliot"
"Matthew McConaughey, Kate Hudson, Donald Sutherland, Alexis Dziena"
"Sacha Baron Cohen, Anna Faris, John C. Reilly, Ben Kingsley"
"Karl Urban, James Marsden, Wentworth Miller, Eric Stonestreet"
"Adrian Titieni, Maria-Victoria Dragus, Lia Bugnar,Malina Manovici"
"Adam Sandler, John Turturro, Emmanuelle Chriqui,Nick Swardson"
"Ana de Armas, Keanu Reeves, Christopher McDonald, Mira Sorvino"
"Ethan Hawke, Sally Hawkins, Kari Matchett, Zachary Bennett"
"Jason Bateman, Jason Sudeikis, Charlie Day, Jennifer Aniston"
"Tilda Swinton, Matthias Schoenaerts, Ralph Fiennes, Dakota Johnson"
"Kirsten Dunst, Charlotte Gainsbourg, Kiefer Sutherland, Alexander Skarsgí«rd"
"Anika Noni Rose, Keith David, Oprah Winfrey, Bruno Campos"
"Denzel Washington, Chris Pine, Rosario Dawson, Ethan Suplee"
"Denzel Washington, Nadine Velazquez, Don Cheadle, John Goodman"
"Jim Parsons, Rihanna, Steve Martin, Jennifer Lopez"
"Geoffrey Rush, Jim Sturgess, Sylvia Hoeks,Donald Sutherland"
"Sophie Ní©lisse, Josh Wiggins, Joe Cobden, Bill Paxton"
"Chadwick Boseman, T.R. Knight, Harrison Ford,Nicole Beharie"
"Jim Sturgess, Kate Bosworth, Kevin Spacey, Aaron Yoo"
"Keira Knightley, Mark Ruffalo, Adam Levine, Hailee Steinfeld"
"Christian Bale, Casey Affleck, Zoe Saldana, Woody Harrelson"
"Rebecca Hall, Scarlett Johansson, Javier Bardem,Christopher Evan Welch"
"Jack Black, Ian McShane,Angelina Jolie, Dustin Hoffman"
"Ice Cube, Regina Hall, Anthony Anderson, Eve"
"Christian Bale, Sam Worthington, Anton Yelchin, Moon Bloodgood"
"Hilary Swank, Imelda Staunton, Patrick Dempsey, Scott Glenn"
"Ted Levine, Kathleen Quinlan, Dan Byrd, Emilie de Ravin"
"Angelina Jolie, Colm Feore, Amy Ryan, Gattlin Griffith"
"Robert Pattinson, Emilie de Ravin, Caitlyn Rund,Moisí©s Acevedo"
"Miyu Irino, Saori Hayami, Aoi Yuki, KenshíÇ Ono"
"Steve Carell, Jennifer Garner, Ed Oxenbould, Dylan Minnette"
"Tom Hardy, Olivia Colman, Ruth Wilson, Andrew Scott"
"Jamie Dornan, Aiden Longworth, Sarah Gadon,Aaron Paul"
"Daniel Radcliffe, Juno Temple, Max Minghella, Joe Anderson"
"Logan Lerman, Sarah Gadon, Tijuana Ricks, Sue Dahlman"
"Ezra Miller, Tye Sheridan, Billy Crudup, Olivia Thirlby"
"Zachary Gordon, Devon Bostick, Robert Capron,Rachael Harris"
"Tom Cruise, Michelle Monaghan, Ving Rhames, Philip Seymour Hoffman"
"Rolf Lassgí«rd, Bahar Pars, Filip Berg, Ida Engvoll"
"Justin Chatwin, James Marsters, Yun-Fat Chow, Emmy Rossum"
"Chris Hemsworth, Isabel Lucas, Josh Hutcherson, Josh Peck"
"Anne Hathaway, Jim Sturgess, Patricia Clarkson,Tom Mison"
"Katherine Heigl, Josh Duhamel, Josh Lucas, Alexis Clagett"
"Jeremy Renner, Rose Byrne, Robert Carlyle, Harold Perrineau"
"Nicholas Hoult, Teresa Palmer, John Malkovich,Analeigh Tipton"
"Cate Blanchett, Alec Baldwin, Peter Sarsgaard, Sally Hawkins"
"Dwayne Johnson, Channing Tatum, Adrianne Palicki,Byung-hun Lee"
"Sam Worthington, Liam Neeson, Rosamund Pike, Ralph Fiennes"
"Hiroki Hasegawa, Yutaka Takenouchi,Satomi Ishihara, Ren íîsugi"
"Emma Thompson, Tom Hanks, Annie Rose Buckley, Colin Farrell"
"Johnny Depp, Rebecca Hall, Morgan Freeman, Cillian Murphy"
"Jesse Eisenberg, Anne Hathaway, George Lopez,Karen Disher"
"Nicholas Hoult, Kristen Stewart, Vernetta Lopez,Scott Lawrence"
"Brad Pitt, Cate Blanchett, Gael Garcí_a Bernal, Mohamed Akhzam"
"Brad Pitt, Sean Penn, Jessica Chastain, Hunter McCracken"
"Zac Efron, Taylor Schilling, Blythe Danner, Riley Thomas Stewart"
"Elisabeth Shue, Jerry O'Connell, Richard Dreyfuss,Ving Rhames"
"Joseph Gordon-Levitt, Seth Rogen, Anna Kendrick, Bryce Dallas Howard"
"Dylan Duffus, Scorcher,Shone Romulus, Jade Asha"
"Paul Rudd, Leslie Mann, Maude Apatow, Iris Apatow"
"Hugh Jackman, Evangeline Lilly, Dakota Goyo,Anthony Mackie"
"Sarah Jessica Parker, Kim Cattrall, Cynthia Nixon, Kristin Davis"
"Sylvester Stallone, Julie Benz, Matthew Marsden, Graham McTavish"
"Rose McGowan, Freddy Rodrí_guez, Josh Brolin,Marley Shelton"
"Will Smith, Alec Baldwin, Albert Brooks, David Morse"
"Lee Pace, Catinca Untaru, Justine Waddell, Kim Uylenbroek"
"Katherine Heigl, Gerard Butler, Bree Turner, Eric Winter"
"Kate Hudson, Anne Hathaway, Candice Bergen, Bryan Greenberg"
"Jason Sudeikis, Alison Brie, Jordan Carlos,Margarita Levieva"
"Samuel L. Jackson, Julianna Margulies, Nathan Phillips, Rachel Blanchard"
"Daniel Radcliffe, Zoe Kazan, Megan Park, Adam Driver"
"Jay Baruchel, Cate Blanchett, Gerard Butler, Craig Ferguson"
"Joel Kinnaman, Gary Oldman, Michael Keaton, Abbie Cornish"
"Nat Wolff, James Franco, Vincent D'Onofrio, Selena Gomez"
"Sally Field, Max Greenfield, Tyne Daly, Wendi McLendon-Covey"
"George Clooney, Brad Pitt, Matt Damon,Michael Mantell"
"Nathan Fillion, Elizabeth Banks, Michael Rooker, Don Thompson"
"Matt Damon, Kate Winslet, Jude Law, Gwyneth Paltrow"
"Salma Hayek, Vincent Cassel, Toby Jones, John C. Reilly"
"Ruth Wilson, Paula Prentiss, Lucy Boynton, Bob Balaban"
"Josh Hutcherson, AnnaSophia Robb, Zooey Deschanel, Robert Patrick"
"Emily Baldoni, Maury Sterling, Nicholas Brendon, Elizabeth Gracen"
"Jamal Woolard, Anthony Mackie, Derek Luke,Momo Dione"
"Jun Kunimura, Jung-min Hwang, Do-won Kwak, Woo-hee Chun"
"Sylvester Stallone, Liam Hemsworth, Randy Couture,Jean-Claude Van Damme"
"William Atherton, Blythe Auffarth, Blanche Baker,Kevin Chamberlin"
"Ben Whishaw, Dustin Hoffman, Alan Rickman,Francesc Albiol"
"Nicole Kidman, Daniel Craig, Dakota Blue Richards, Ben Walker"
"Michael Fassbender, Dominic West, Olga Kurylenko,Andreas Wisniewski"
"Tye Sheridan, Logan Miller, Joey Morgan,Sarah Dumont"
"Zac Efron, Matthew Perry, Leslie Mann, Thomas Lennon"
"Lake Bell, Pierce Brosnan, Owen Wilson,Chatchawai Kamonsakpitak"
"Brandon Routh, Kevin Spacey, Kate Bosworth, James Marsden"
"Kristen Stewart, Robert Pattinson, Taylor Lautner, Gil Birmingham"
"Gabourey Sidibe, Mo'Nique, Paula Patton, Mariah Carey"
"Matthew McConaughey, Naomi Watts, Ken Watanabe,Ryoko Seta"
"Zoey Deutch, Nicholas Braun, Mateo Arias, Israel Broussard"
"Philip Seymour Hoffman, Joaquin Phoenix,Amy Adams, Jesse Plemons"
"Kenny Wormald, Julianne Hough, Dennis Quaid,Andie MacDowell"
"Chloí‚ Grace Moretz, Mireille Enos, Jamie Blackley,Joshua Leonard"
"Dan Stevens, Malin Akerman, Oliver Platt, Kerry Bishí©"
"Tye Sheridan, Emory Cohen, Bel Powley,Stephen Moyer"
"Samantha Robinson, Jeffrey Vincent Parise, Laura Waddell, Gian Keys"
"Will Ferrell, John C. Reilly, Sacha Baron Cohen, Gary Cole"
"Dieter Laser, Ashley C. Williams, Ashlynn Yennie, Akihiro Kitamura"
"Rainn Wilson, Ellen Page, Liv Tyler, Kevin Bacon"
"Jamie Dornan, Mark Strong, Jason O'Mara, Michael McElhatton"
"George Clooney, Vera Farmiga, Anna Kendrick,Jason Bateman"
"Vinnie Jones, Bradley Cooper, Leslie Bibb, Brooke Shields"
"Kristen Stewart, Robert Pattinson, Taylor Lautner,Xavier Samuel"
"Johnny Simmons, Gabriel Luna, Clifton Collins Jr.,David Acord"
"Anna Faris, Chris Evans, Ari Graynor, Blythe Danner"
"Vin Diesel, Karl Urban, Katee Sackhoff, Jordi Mollíæ"
"Melissa George, Joshua McIvor, Jack Taylor,Michael Dorman"
"Forest Whitaker, Oprah Winfrey, John Cusack, Jane Fonda"
"Garrett Clayton, Christian Slater, Molly Ringwald,James Kelley"
"Jaden Smith, David Denman, Will Smith,Sophie Okonedo"
"Jahking Guillory, Christopher Jordan Wallace,Christopher Meyer, Kofi Siriboe"
"Thomas Mann, RJ Cyler, Olivia Cooke, Nick Offerman"
"George Clooney, Shailene Woodley, Amara Miller, Nick Krause"
"Sarah Jessica Parker, Kim Cattrall, Kristin Davis, Cynthia Nixon"
"Nick Robinson, Gabriel Basso, Moises Arias,Nick Offerman"
"Jason Statham, Joan Allen, Tyrese Gibson, Ian McShane"
"Zac Efron, Michael B. Jordan, Miles Teller, Imogen Poots"
"Paul Bettany, Dennis Quaid, Charles S. Dutton, Lucas Black"
"Jake Gyllenhaal, Michael Peí±a, Anna Kendrick, America Ferrera"
"Kevin Costner, Hailee Steinfeld, Connie Nielsen, Amber Heard"
"Josh Hartnett, Ben Kingsley, Morgan Freeman, Lucy Liu"
"James McAvoy, Rosario Dawson, Vincent Cassel,Danny Sapani"
"Ellen Page, Evan Rachel Wood, Max Minghella,Callum Keith Rennie"
"Natalie Portman, Scarlett Johansson, Eric Bana,Jim Sturgess"
"Sarah Butler, Jeff Branson, Andrew Howard,Daniel Franzese"
"Viola Davis, Hayden Panettiere, Catalina Sandino Moreno, Ellen Burstyn"
"Laura Dern, Jeremy Irons, Justin Theroux, Karolina Gruszka"
"Lambert Wilson, Pierre Niney, Audrey Tautou,Laurent Lucas"
"Joseph Gordon-Levitt, Charlotte Le Bon,Guillaume Baillargeon, íŠmilie Leclerc"
"Anna Hutchison, Andrea Whitburn, Jennifer Koenig,Michael Dickson"
"Johnny Depp, Armie Hammer, William Fichtner,Tom Wilkinson"
"Alexandra Daddario, Tania Raymonde, Scott Eastwood, Trey Songz"
"Shia LaBeouf, David Morse, Carrie-Anne Moss, Sarah Roemer"
"Julianne Hough, Diego Boneta, Tom Cruise, Alec Baldwin"
"Neve Campbell, Courteney Cox, David Arquette, Lucy Hale"
"Madina Nalwanga, David Oyelowo, Lupita Nyong'o, Martin Kabanza"
"Nia Vardalos, John Corbett, Michael Constantine, Lainie Kazan"
"Charlize Theron, Nicholas Hoult, Christina Hendricks, Chloí‚ Grace Moretz"
"Jason Biggs, Janet Montgomery,Ashley Tisdale, Bria L. Murphy"
"Nathalie Baye, Vincent Cassel, Marion Cotillard, Lí©a Seydoux"
"Antonio Banderas, Elena Anaya, Jan Cornet,Marisa Paredes"
"Jennifer Garner, Kylie Rogers, Martin Henderson,Brighton Sharbino"
"Quvenzhaní© Wallis, Cameron Diaz, Jamie Foxx, Rose Byrne"
"Evan Rachel Wood, Jim Sturgess, Joe Anderson, Dana Fuchs"
"Jake Johnson, Damon Wayans Jr., Rob Riggle, Nina Dobrev"
"Thomas Haden Church, Josh Wiggins, Luke Kleintank,Lauren Graham"
"Danny McBride, Natalie Portman, James Franco, Rasmus Hardiker"
"Nicholas D'Agosto, Emma Bell, Arlen Escarpeta, Miles Fisher"
"Gabriella Wilde, Alex Pettyfer, Bruce Greenwood,Robert Patrick"
"Morjana Alaoui, MylíÂne Jampanoí¿, Catherine Bí©gin,Robert Toupin"
"David Oyelowo, Carmen Ejogo, Tim Roth, Lorraine Toussaint"
"Rhona Mitra, Michael Sheen, Bill Nighy, Steven Mackintosh"
"Darsheel Safary, Aamir Khan, Tanay Chheda, Sachet Engineer"
"Topher Grace, Anna Faris, Dan Fogler, Teresa Palmer"
"Milla Jovovich, Ali Larter, Wentworth Miller,Kim Coates"
"Thomas Mann, Oliver Cooper, Jonathan Daniel Brown, Dax Flame"
"Chiwetel Ejiofor, Nicole Kidman, Julia Roberts, Dean Norris"
"Lauren German, Heather Matarazzo, Bijou Phillips, Roger Bart"
"Robert Hoffman, Briana Evigan, Cassie Ventura, Adam G. Sevani"
"Adam Pally, T.J. Miller, Thomas Middleditch,Shannon Woodward"
"Kevin Spacey, Jennifer Garner, Robbie Amell,Cheryl Hines"